"","Provider.Key","Day.Of.Period","Number of procedures","Total Room Time Minutes"
"1",1,1,2,220
"2",41,1,5,459
"3",2,1,4,615
"4",42,1,2,448
"5",3,1,1,143
"6",4,1,1,115
"7",43,1,1,40
"8",5,1,4,436
"9",44,1,2,378
"10",6,1,2,279
"11",7,1,2,246
"12",45,1,1,36
"13",8,1,3,434
"14",44,2,2,547
"15",42,2,2,154
"16",46,2,2,356
"17",47,2,6,378
"18",9,1,4,274
"19",10,1,3,352
"20",43,2,1,17
"21",11,1,1,159
"22",48,3,3,130
"23",42,3,2,325
"24",49,3,1,101
"25",11,2,2,625
"26",47,3,3,362
"27",12,2,4,517
"28",8,2,7,651
"29",50,3,2,464
"30",13,2,2,540
"31",10,2,3,508
"32",14,2,2,225
"33",49,4,2,336
"34",51,4,1,74
"35",47,4,2,324
"36",44,4,1,270
"37",46,4,1,115
"38",52,5,3,572
"39",53,5,3,429
"40",42,5,2,202
"41",46,5,1,319
"42",51,5,2,151
"43",11,3,3,629
"44",15,3,4,492
"45",16,3,1,390
"46",7,3,6,639
"47",17,3,4,480
"48",4,3,1,81
"49",42,6,2,246
"50",44,6,2,412
"51",52,6,1,156
"52",8,3,1,93
"53",47,6,5,433
"54",12,3,2,340
"55",9,3,2,165
"56",49,6,1,105
"57",46,7,3,508
"58",47,7,1,277
"59",44,7,3,540
"60",54,7,1,26
"61",51,7,1,26
"62",55,7,1,50
"63",42,7,1,285
"64",11,4,4,754
"65",15,4,5,542
"66",2,4,3,732
"67",9,4,1,64
"68",42,8,3,584
"69",6,4,5,593
"70",51,8,3,116
"71",47,8,4,515
"72",18,4,3,320
"73",46,8,1,316
"74",51,9,5,317
"75",53,9,1,53
"76",47,9,2,418
"77",46,9,1,351
"78",44,9,1,275
"79",19,5,1,118
"80",7,5,5,566
"81",12,5,4,707
"82",20,5,4,444
"83",15,5,2,231
"84",10,5,4,514
"85",53,10,3,256
"86",44,10,4,616
"87",42,10,2,740
"88",49,10,1,99
"89",9,5,3,283
"90",43,10,1,40
"91",54,10,2,133
"92",49,11,1,95
"93",44,11,2,606
"94",41,11,3,377
"95",56,11,1,42
"96",5,6,3,286
"97",42,11,1,135
"98",8,6,4,513
"99",54,11,3,159
"100",21,6,6,800
"101",6,6,2,277
"102",22,6,4,549
"103",47,11,1,62
"104",57,11,1,16
"105",44,12,2,737
"106",42,12,2,331
"107",43,12,3,67
"108",58,12,1,320
"109",9,6,4,329
"110",46,12,1,120
"111",15,6,1,203
"112",51,12,1,25
"113",47,12,1,144
"114",47,13,4,1208
"115",42,13,2,395
"116",46,13,1,208
"117",21,7,1,153
"118",59,13,1,83
"119",54,13,1,32
"120",11,7,2,623
"121",10,7,4,535
"122",14,7,4,680
"123",13,7,5,528
"124",50,13,1,128
"125",8,7,4,529
"126",48,13,2,55
"127",46,14,3,447
"128",52,14,1,40
"129",47,14,6,492
"130",44,14,3,533
"131",20,7,1,86
"132",14,8,2,519
"133",7,8,4,448
"134",42,15,1,352
"135",8,8,2,263
"136",44,15,2,540
"137",52,15,3,922
"138",12,8,4,520
"139",11,8,2,227
"140",46,15,1,137
"141",10,8,1,97
"142",50,15,2,308
"143",54,15,1,26
"144",53,15,1,0
"145",21,8,2,386
"146",47,16,1,152
"147",42,16,1,127
"148",47,17,3,74
"149",42,17,1,126
"150",11,9,4,409
"151",6,9,4,480
"152",54,19,1,48
"153",23,9,5,572
"154",2,9,3,434
"155",47,19,1,109
"156",15,9,4,547
"157",42,19,1,147
"158",50,20,1,316
"159",52,20,1,99
"160",42,20,1,124
"161",48,20,1,20
"162",48,21,7,239
"163",41,21,2,379
"164",44,21,2,645
"165",47,21,2,202
"166",19,10,1,124
"167",24,10,2,187
"168",10,10,3,318
"169",44,22,2,429
"170",25,10,1,117
"171",20,10,4,509
"172",50,22,2,336
"173",12,10,1,432
"174",46,24,1,96
"175",49,24,2,360
"176",43,24,5,225
"177",44,24,1,295
"178",9,10,1,75
"179",7,10,3,418
"180",47,24,2,321
"181",3,10,1,119
"182",15,10,1,324
"183",44,25,2,818
"184",26,10,1,191
"185",50,25,2,486
"186",21,11,3,475
"187",53,25,3,196
"188",6,11,3,334
"189",8,11,6,596
"190",5,11,4,485
"191",2,11,3,437
"192",22,11,3,347
"193",41,26,2,163
"194",42,26,1,339
"195",54,26,4,162
"196",47,26,2,253
"197",49,26,1,122
"198",48,26,1,41
"199",42,27,2,443
"200",9,11,4,348
"201",46,27,1,249
"202",47,27,7,459
"203",58,27,1,185
"204",11,11,1,97
"205",27,12,1,310
"206",50,27,1,133
"207",11,12,4,540
"208",46,28,1,207
"209",42,28,1,140
"210",8,12,4,487
"211",51,28,2,68
"212",13,12,4,445
"213",10,12,4,569
"214",47,28,2,303
"215",14,12,2,563
"216",49,28,1,149
"217",48,28,1,20
"218",50,28,1,120
"219",48,29,2,174
"220",49,29,1,79
"221",26,12,2,202
"222",47,29,2,251
"223",48,30,2,52
"224",60,30,1,423
"225",53,30,2,314
"226",52,30,1,34
"227",6,12,1,89
"228",11,13,3,441
"229",44,31,2,538
"230",26,13,4,479
"231",41,31,5,273
"232",42,31,1,173
"233",10,13,4,518
"234",57,31,1,27
"235",7,13,3,308
"236",12,13,2,415
"237",47,31,4,253
"238",15,13,2,378
"239",42,32,2,297
"240",16,13,1,118
"241",46,32,1,293
"242",44,32,2,693
"243",54,32,3,142
"244",14,13,2,220
"245",47,32,1,59
"246",21,13,1,124
"247",11,14,2,334
"248",26,14,4,550
"249",46,33,1,230
"250",42,33,3,319
"251",6,14,2,235
"252",2,14,3,502
"253",50,33,3,334
"254",15,14,3,325
"255",54,33,1,17
"256",47,33,1,164
"257",48,33,2,47
"258",47,34,3,137
"259",46,34,1,378
"260",18,14,2,258
"261",44,34,2,417
"262",51,34,2,77
"263",8,14,1,113
"264",25,15,1,103
"265",12,15,5,660
"266",49,34,1,124
"267",21,15,5,519
"268",20,15,5,669
"269",61,34,1,0
"270",7,15,4,534
"271",44,35,2,561
"272",53,35,2,270
"273",52,35,2,267
"274",48,35,1,30
"275",42,35,1,335
"276",51,35,3,113
"277",44,37,1,532
"278",46,37,2,232
"279",58,37,2,538
"280",57,37,1,25
"281",54,37,2,133
"282",22,16,5,639
"283",2,16,4,651
"284",21,16,3,480
"285",48,37,2,130
"286",6,16,4,394
"287",16,16,1,96
"288",47,37,2,269
"289",5,16,3,302
"290",48,38,3,956
"291",42,38,2,434
"292",50,38,1,149
"293",47,38,4,563
"294",47,39,2,357
"295",51,39,3,859
"296",21,17,2,471
"297",44,39,2,496
"298",2,17,2,304
"299",46,39,2,483
"300",10,17,1,98
"301",11,17,1,26
"302",43,39,1,58
"303",6,17,1,117
"304",2,18,2,303
"305",53,40,3,471
"306",44,40,4,660
"307",28,19,3,337
"308",42,40,2,467
"309",8,19,3,305
"310",7,19,2,224
"311",52,40,3,297
"312",11,19,1,103
"313",10,20,1,126
"314",8,20,3,388
"315",17,20,2,244
"316",47,40,1,37
"317",41,41,8,511
"318",29,20,2,214
"319",7,20,2,235
"320",44,41,2,456
"321",11,20,1,113
"322",42,41,1,147
"323",51,41,1,30
"324",30,20,1,139
"325",56,41,1,53
"326",5,21,1,99
"327",47,41,3,349
"328",21,21,2,323
"329",8,21,3,434
"330",4,21,1,173
"331",12,21,1,91
"332",48,41,1,19
"333",28,21,1,132
"334",58,42,1,334
"335",11,22,2,441
"336",44,42,2,577
"337",15,22,3,496
"338",46,42,3,484
"339",54,42,1,37
"340",10,22,5,517
"341",8,22,3,347
"342",43,42,1,61
"343",17,22,1,135
"344",47,42,4,347
"345",49,43,2,192
"346",21,22,1,187
"347",47,43,2,387
"348",46,43,2,476
"349",43,43,1,16
"350",15,23,2,189
"351",48,43,2,65
"352",4,24,1,132
"353",11,24,2,235
"354",50,43,3,444
"355",15,24,3,400
"356",26,24,3,353
"357",30,24,1,315
"358",47,44,3,372
"359",44,44,2,562
"360",6,24,1,148
"361",48,44,1,30
"362",46,44,2,491
"363",53,44,1,74
"364",14,24,2,313
"365",9,25,2,196
"366",7,25,3,325
"367",53,45,3,331
"368",20,25,5,556
"369",52,45,2,249
"370",10,25,5,513
"371",44,45,3,638
"372",15,25,1,153
"373",62,45,1,10
"374",30,25,2,284
"375",44,46,2,506
"376",41,46,4,470
"377",48,46,4,106
"378",12,25,2,352
"379",42,46,2,341
"380",63,46,1,37
"381",6,25,1,106
"382",1,26,2,252
"383",21,26,3,534
"384",2,26,3,387
"385",44,47,2,610
"386",5,26,4,434
"387",46,47,2,336
"388",8,26,4,495
"389",58,47,1,278
"390",11,26,5,552
"391",47,47,4,331
"392",50,48,1,114
"393",42,48,1,297
"394",47,48,4,472
"395",31,26,2,158
"396",48,48,1,34
"397",47,49,5,492
"398",48,49,4,183
"399",9,26,2,151
"400",46,49,1,501
"401",44,49,2,491
"402",30,27,1,167
"403",10,27,4,601
"404",14,27,3,634
"405",13,27,4,581
"406",11,27,2,181
"407",8,27,5,520
"408",44,50,4,665
"409",42,50,3,440
"410",26,27,1,77
"411",53,50,2,276
"412",52,50,2,388
"413",48,50,2,72
"414",50,50,1,132
"415",47,51,4,441
"416",7,28,5,435
"417",44,51,4,648
"418",10,28,4,580
"419",41,51,4,328
"420",42,51,1,125
"421",51,51,1,16
"422",8,28,1,111
"423",14,28,1,195
"424",21,28,2,298
"425",26,28,3,390
"426",11,28,2,266
"427",28,28,1,176
"428",58,52,1,353
"429",47,52,5,730
"430",46,52,4,457
"431",44,52,2,500
"432",2,29,4,419
"433",11,29,2,326
"434",56,52,1,94
"435",6,29,4,451
"436",15,29,4,540
"437",23,29,3,417
"438",47,53,8,557
"439",49,53,1,66
"440",50,53,2,292
"441",46,53,1,185
"442",7,30,3,283
"443",53,53,1,172
"444",20,30,4,498
"445",10,30,4,504
"446",48,53,1,40
"447",4,30,2,282
"448",49,54,3,486
"449",15,30,1,347
"450",44,54,3,570
"451",43,54,1,73
"452",46,54,2,380
"453",41,54,1,14
"454",48,54,2,59
"455",12,30,2,273
"456",47,54,1,25
"457",21,30,1,121
"458",49,55,1,245
"459",11,30,1,102
"460",21,31,5,869
"461",52,55,5,426
"462",2,31,4,1105
"463",44,55,4,580
"464",54,55,1,43
"465",8,31,4,495
"466",5,31,5,579
"467",42,55,1,363
"468",6,31,6,727
"469",11,31,2,227
"470",47,57,4,507
"471",44,57,2,540
"472",58,57,1,411
"473",51,57,2,83
"474",53,57,1,49
"475",9,31,4,288
"476",56,57,1,0
"477",42,57,1,218
"478",42,58,2,368
"479",47,58,1,213
"480",50,58,2,267
"481",54,58,1,17
"482",48,58,1,10
"483",49,59,2,287
"484",10,32,4,436
"485",47,59,4,450
"486",14,32,2,286
"487",51,59,1,70
"488",8,32,4,560
"489",13,32,3,349
"490",46,59,1,296
"491",26,32,2,322
"492",48,59,2,75
"493",11,32,1,339
"494",42,60,2,540
"495",52,60,2,193
"496",51,60,1,44
"497",49,60,2,298
"498",20,32,1,140
"499",43,60,2,72
"500",54,60,2,65
"501",30,33,1,127
"502",21,33,6,707
"503",11,33,4,482
"504",4,33,1,103
"505",41,61,3,424
"506",12,33,2,498
"507",16,33,1,134
"508",44,61,2,362
"509",26,33,4,546
"510",47,61,2,135
"511",8,33,3,286
"512",7,33,4,413
"513",48,61,1,42
"514",58,62,1,269
"515",44,62,2,536
"516",57,62,1,26
"517",56,62,1,32
"518",46,62,1,101
"519",51,62,1,68
"520",42,62,1,203
"521",42,63,2,705
"522",50,63,2,336
"523",47,63,6,664
"524",48,63,1,58
"525",15,34,4,808
"526",26,34,4,599
"527",54,63,1,24
"528",18,34,3,334
"529",2,34,2,264
"530",11,34,4,520
"531",6,34,5,564
"532",46,64,1,284
"533",51,64,4,127
"534",50,64,1,67
"535",47,64,1,37
"536",42,65,2,402
"537",53,65,8,461
"538",52,65,2,233
"539",49,65,1,111
"540",7,35,7,712
"541",10,35,6,612
"542",12,35,4,627
"543",20,35,5,519
"544",24,35,1,109
"545",31,35,2,177
"546",44,66,3,301
"547",42,66,2,234
"548",41,66,2,240
"549",51,66,3,150
"550",9,35,1,88
"551",42,67,3,592
"552",44,67,2,553
"553",54,67,5,972
"554",58,67,1,247
"555",8,36,1,60
"556",46,67,1,256
"557",13,37,5,636
"558",10,37,4,566
"559",8,37,4,866
"560",11,37,4,645
"561",42,68,2,469
"562",14,37,1,97
"563",50,68,4,390
"564",47,68,5,473
"565",26,37,1,117
"566",47,69,3,349
"567",44,69,2,507
"568",20,37,1,85
"569",46,69,1,260
"570",49,69,2,222
"571",6,37,1,97
"572",15,38,3,626
"573",8,38,1,132
"574",4,38,1,94
"575",44,70,2,544
"576",17,38,3,197
"577",42,70,1,297
"578",53,70,3,196
"579",22,38,5,677
"580",7,38,4,408
"581",52,70,1,122
"582",26,38,3,380
"583",44,71,4,648
"584",47,71,2,124
"585",31,38,1,137
"586",41,71,4,372
"587",42,71,1,293
"588",29,38,1,103
"589",28,38,1,153
"590",44,72,2,464
"591",10,38,1,139
"592",47,72,4,275
"593",6,39,5,551
"594",46,72,1,298
"595",2,39,3,526
"596",15,39,5,753
"597",23,39,4,461
"598",22,39,4,417
"599",58,72,1,327
"600",50,72,1,115
"601",50,73,3,461
"602",47,73,2,483
"603",46,73,1,368
"604",47,74,5,663
"605",46,74,2,165
"606",49,74,2,215
"607",43,74,1,33
"608",30,40,1,112
"609",20,40,4,500
"610",49,75,4,925
"611",2,40,3,363
"612",7,40,3,374
"613",21,40,3,481
"614",52,75,2,423
"615",53,75,2,420
"616",51,75,2,36
"617",15,40,1,279
"618",17,40,1,96
"619",48,76,4,181
"620",50,76,3,328
"621",41,76,3,376
"622",49,76,1,150
"623",6,40,1,93
"624",2,41,3,666
"625",8,41,5,521
"626",47,76,2,329
"627",6,41,1,226
"628",21,41,2,590
"629",5,41,3,327
"630",22,41,3,400
"631",46,77,2,916
"632",48,77,5,223
"633",9,41,2,198
"634",47,77,1,122
"635",42,77,1,198
"636",31,41,1,77
"637",54,77,1,31
"638",47,78,4,188
"639",42,78,2,269
"640",26,42,3,528
"641",8,42,5,659
"642",50,78,2,321
"643",13,42,4,493
"644",46,78,1,311
"645",14,42,2,320
"646",56,78,1,45
"647",44,78,1,95
"648",11,42,2,210
"649",44,79,4,625
"650",47,79,2,419
"651",53,79,3,335
"652",6,42,1,80
"653",9,43,2,163
"654",16,43,1,125
"655",7,43,2,165
"656",48,79,1,67
"657",8,43,2,228
"658",17,43,3,329
"659",44,80,1,319
"660",53,80,4,326
"661",42,80,2,475
"662",11,43,2,372
"663",12,43,1,85
"664",52,80,3,95
"665",31,43,1,82
"666",29,43,1,119
"667",26,44,3,391
"668",47,81,2,444
"669",6,44,4,374
"670",15,44,1,83
"671",41,81,6,480
"672",2,44,4,377
"673",11,44,2,220
"674",44,81,3,590
"675",63,81,1,29
"676",12,44,1,525
"677",46,82,2,281
"678",44,82,2,575
"679",17,44,2,221
"680",58,82,1,311
"681",43,82,1,26
"682",20,45,2,343
"683",47,82,4,343
"684",7,45,4,391
"685",63,82,1,9
"686",12,45,2,361
"687",26,45,1,151
"688",15,45,3,418
"689",42,83,2,389
"690",10,45,1,85
"691",47,83,1,150
"692",48,83,2,71
"693",50,83,1,205
"694",8,46,2,311
"695",47,84,4,301
"696",49,84,1,182
"697",6,46,2,263
"698",2,46,2,352
"699",21,46,4,647
"700",44,84,2,591
"701",5,46,4,408
"702",22,46,4,475
"703",52,85,6,288
"704",53,85,2,178
"705",44,85,1,262
"706",42,85,1,113
"707",12,46,1,106
"708",31,46,3,312
"709",28,46,1,151
"710",42,86,2,165
"711",9,46,1,77
"712",44,86,2,524
"713",56,86,2,40
"714",41,86,5,290
"715",13,47,5,512
"716",14,47,1,195
"717",2,47,1,204
"718",47,86,1,138
"719",11,47,3,351
"720",42,87,2,333
"721",26,47,2,105
"722",8,47,2,224
"723",47,87,8,389
"724",58,87,1,297
"725",46,87,3,393
"726",15,48,1,341
"727",8,48,2,275
"728",7,48,4,396
"729",17,48,1,267
"730",21,48,1,216
"731",47,88,3,326
"732",50,88,2,277
"733",42,88,1,173
"734",11,48,1,106
"735",31,48,1,110
"736",2,49,5,657
"737",6,49,6,676
"738",11,49,3,459
"739",44,89,2,404
"740",15,49,3,455
"741",47,89,3,243
"742",46,89,3,437
"743",49,89,1,240
"744",9,49,1,73
"745",42,90,2,243
"746",44,90,2,543
"747",51,90,4,118
"748",30,49,1,225
"749",52,90,2,239
"750",54,90,1,19
"751",7,50,5,494
"752",12,50,4,409
"753",20,50,2,445
"754",24,50,1,109
"755",10,50,5,608
"756",44,91,2,309
"757",41,91,6,472
"758",42,91,3,418
"759",54,91,1,68
"760",8,50,1,150
"761",44,92,3,411
"762",22,51,4,539
"763",47,92,7,508
"764",8,51,5,408
"765",46,92,2,356
"766",5,51,5,567
"767",21,51,4,543
"768",2,51,3,347
"769",6,51,3,347
"770",41,92,1,40
"771",42,93,2,243
"772",47,93,2,131
"773",50,93,1,103
"774",63,93,1,31
"775",49,94,3,304
"776",47,94,2,237
"777",9,51,2,94
"778",46,94,2,360
"779",51,94,1,35
"780",31,51,2,133
"781",56,94,1,38
"782",52,95,3,568
"783",14,52,2,376
"784",49,95,2,361
"785",12,52,2,272
"786",13,52,4,272
"787",51,95,2,197
"788",8,52,4,374
"789",15,52,2,399
"790",42,95,1,293
"791",55,95,1,62
"792",48,95,1,41
"793",42,96,2,151
"794",41,96,3,497
"795",11,52,1,271
"796",52,96,1,63
"797",49,96,1,279
"798",2,52,1,133
"799",56,96,1,96
"800",7,53,4,357
"801",50,96,2,248
"802",8,53,2,191
"803",48,96,1,19
"804",4,53,1,80
"805",47,96,2,204
"806",21,53,3,550
"807",46,97,2,387
"808",42,97,1,292
"809",31,53,1,151
"810",11,53,2,228
"811",44,97,2,515
"812",47,97,5,417
"813",28,53,1,111
"814",43,97,1,39
"815",29,53,1,119
"816",2,54,3,482
"817",23,54,3,267
"818",6,54,3,355
"819",11,54,3,500
"820",15,54,2,252
"821",42,98,3,540
"822",31,54,1,73
"823",50,98,2,228
"824",47,98,3,375
"825",48,98,1,34
"826",49,98,1,113
"827",41,98,1,238
"828",26,54,1,96
"829",20,55,3,336
"830",44,99,4,442
"831",7,55,2,222
"832",46,99,3,478
"833",51,99,2,164
"834",12,55,3,291
"835",49,99,1,133
"836",15,55,1,124
"837",9,55,1,85
"838",47,99,1,132
"839",26,56,1,232
"840",13,57,5,568
"841",53,100,2,141
"842",8,57,6,627
"843",44,100,2,485
"844",54,100,1,28
"845",10,57,5,717
"846",31,57,1,68
"847",49,100,2,221
"848",42,100,2,544
"849",50,100,1,150
"850",14,57,1,121
"851",21,57,1,149
"852",44,101,2,455
"853",11,57,4,498
"854",41,101,1,203
"855",48,101,2,70
"856",50,101,1,153
"857",46,102,2,510
"858",52,102,1,128
"859",47,102,1,32
"860",7,58,6,577
"861",48,102,1,22
"862",26,58,3,476
"863",44,102,2,386
"864",21,58,5,633
"865",8,58,2,182
"866",47,103,2,305
"867",11,58,4,558
"868",50,103,1,138
"869",49,103,2,244
"870",14,58,1,272
"871",44,103,1,45
"872",48,103,2,100
"873",49,104,2,80
"874",10,58,1,96
"875",46,104,1,411
"876",44,104,3,596
"877",51,104,2,70
"878",29,58,1,131
"879",50,104,1,104
"880",43,104,1,44
"881",48,105,2,806
"882",53,105,5,543
"883",26,59,5,600
"884",44,105,4,678
"885",2,59,5,558
"886",11,59,3,736
"887",6,59,4,572
"888",15,59,4,484
"889",52,105,1,149
"890",49,105,1,145
"891",42,106,1,149
"892",44,106,2,636
"893",41,106,3,544
"894",47,106,2,213
"895",48,106,4,130
"896",15,60,2,252
"897",20,60,3,316
"898",44,107,2,566
"899",10,60,3,408
"900",47,107,5,341
"901",11,60,2,481
"902",46,107,1,345
"903",7,60,2,212
"904",42,107,2,311
"905",21,60,1,80
"906",53,108,1,175
"907",42,108,2,300
"908",8,61,3,281
"909",47,108,4,365
"910",17,61,4,407
"911",6,61,1,185
"912",48,108,2,203
"913",5,61,4,483
"914",2,61,3,347
"915",50,108,1,258
"916",7,61,1,141
"917",44,108,1,72
"918",49,108,1,134
"919",47,109,4,763
"920",11,61,1,195
"921",46,109,2,545
"922",44,109,2,501
"923",31,61,1,83
"924",49,109,2,56
"925",9,61,3,240
"926",48,109,2,63
"927",11,62,3,340
"928",10,62,3,583
"929",53,110,4,752
"930",8,62,1,154
"931",44,110,3,538
"932",41,110,1,29
"933",14,62,1,171
"934",42,110,1,289
"935",13,62,6,599
"936",46,110,2,385
"937",26,62,1,193
"938",52,110,2,296
"939",51,110,1,38
"940",2,62,2,204
"941",43,110,1,25
"942",47,110,2,63
"943",17,62,1,138
"944",54,111,2,51
"945",21,63,4,660
"946",42,111,2,314
"947",9,63,2,210
"948",4,63,1,145
"949",41,111,6,244
"950",7,63,4,423
"951",16,63,1,102
"952",49,111,1,154
"953",15,63,3,598
"954",10,63,3,396
"955",26,63,2,226
"956",42,112,2,242
"957",48,112,1,80
"958",54,112,2,67
"959",50,112,2,286
"960",32,63,1,195
"961",48,113,3,205
"962",23,64,5,489
"963",50,113,1,168
"964",8,64,4,376
"965",48,114,1,30
"966",15,64,2,301
"967",50,114,1,129
"968",64,115,1,28
"969",31,64,2,164
"970",50,115,1,106
"971",44,116,2,609
"972",42,116,1,179
"973",14,64,1,159
"974",47,116,3,330
"975",28,64,2,221
"976",41,116,4,401
"977",6,64,3,251
"978",48,116,2,80
"979",46,117,1,146
"980",21,64,1,113
"981",55,117,1,40
"982",25,65,1,284
"983",58,117,1,393
"984",21,65,1,166
"985",43,117,1,9
"986",47,117,2,209
"987",18,65,4,459
"988",7,65,4,368
"989",44,117,1,221
"990",24,65,2,212
"991",10,65,3,392
"992",53,118,1,0
"993",42,118,1,224
"994",12,65,1,737
"995",47,118,7,445
"996",50,118,2,299
"997",9,65,2,198
"998",48,118,1,55
"999",47,119,3,569
"1000",21,66,4,601
"1001",46,119,1,329
"1002",51,119,1,52
"1003",5,66,6,568
"1004",44,119,1,253
"1005",6,66,2,309
"1006",2,66,3,443
"1007",63,119,1,64
"1008",8,66,4,544
"1009",50,119,1,156
"1010",42,120,2,412
"1011",53,120,3,424
"1012",52,120,2,277
"1013",48,120,1,33
"1014",44,120,2,220
"1015",51,120,6,408
"1016",31,66,2,188
"1017",9,66,2,201
"1018",13,67,5,454
"1019",50,121,1,157
"1020",11,67,4,617
"1021",44,121,4,702
"1022",8,67,4,534
"1023",41,121,2,389
"1024",10,67,2,293
"1025",42,121,1,71
"1026",48,121,1,21
"1027",53,121,1,172
"1028",44,122,2,473
"1029",7,67,1,90
"1030",47,122,3,140
"1031",46,122,3,431
"1032",42,122,1,269
"1033",26,68,1,213
"1034",7,68,4,511
"1035",12,68,2,510
"1036",16,68,1,98
"1037",58,122,1,222
"1038",21,68,2,425
"1039",46,123,1,244
"1040",48,123,1,21
"1041",14,68,2,131
"1042",47,123,3,511
"1043",42,123,2,573
"1044",11,68,1,149
"1045",9,68,2,157
"1046",65,123,1,6
"1047",29,68,1,116
"1048",44,124,2,432
"1049",47,124,3,232
"1050",46,124,1,285
"1051",21,69,2,358
"1052",26,69,4,532
"1053",11,69,3,538
"1054",15,69,6,693
"1055",66,125,3,330
"1056",10,69,1,105
"1057",44,125,2,469
"1058",64,125,1,31
"1059",6,69,6,854
"1060",49,125,2,331
"1061",42,125,1,228
"1062",52,125,2,74
"1063",56,127,1,25
"1064",44,127,2,529
"1065",58,127,1,374
"1066",47,127,1,145
"1067",43,127,2,93
"1068",46,127,1,99
"1069",15,70,1,428
"1070",7,70,5,394
"1071",42,128,2,495
"1072",4,70,1,115
"1073",47,128,7,388
"1074",20,70,3,601
"1075",24,70,1,84
"1076",11,70,1,252
"1077",10,70,2,189
"1078",50,128,1,122
"1079",47,129,5,397
"1080",51,129,7,277
"1081",12,70,1,182
"1082",44,129,2,390
"1083",21,71,5,735
"1084",46,129,1,233
"1085",28,71,3,299
"1086",8,71,5,606
"1087",6,71,2,356
"1088",5,71,5,470
"1089",2,71,2,345
"1090",42,130,2,520
"1091",49,130,3,171
"1092",44,130,2,460
"1093",51,130,2,130
"1094",31,71,2,142
"1095",41,130,1,40
"1096",52,130,1,101
"1097",48,130,1,31
"1098",41,131,2,228
"1099",17,71,1,181
"1100",54,131,2,89
"1101",26,72,1,69
"1102",44,131,2,364
"1103",10,72,5,615
"1104",42,131,1,160
"1105",14,72,1,282
"1106",28,72,3,297
"1107",15,72,1,295
"1108",47,131,1,131
"1109",11,72,3,367
"1110",44,132,3,586
"1111",58,132,1,143
"1112",46,132,1,98
"1113",42,132,1,221
"1114",12,72,1,122
"1115",67,132,1,33
"1116",29,72,1,133
"1117",47,132,2,248
"1118",51,133,2,824
"1119",8,73,2,246
"1120",26,73,4,548
"1121",44,133,1,440
"1122",16,73,2,266
"1123",50,133,2,264
"1124",10,73,5,568
"1125",17,73,1,109
"1126",42,133,1,359
"1127",47,133,3,212
"1128",43,133,1,136
"1129",21,73,4,514
"1130",7,73,4,433
"1131",56,133,1,47
"1132",11,73,2,320
"1133",47,134,3,480
"1134",50,134,1,74
"1135",48,134,2,103
"1136",44,134,1,362
"1137",29,73,1,160
"1138",46,134,2,293
"1139",51,134,2,158
"1140",31,73,1,87
"1141",42,135,1,104
"1142",66,135,4,323
"1143",9,73,1,60
"1144",44,135,2,582
"1145",2,74,5,623
"1146",6,74,5,541
"1147",26,74,5,608
"1148",15,74,4,487
"1149",42,136,2,158
"1150",11,74,5,670
"1151",41,136,3,453
"1152",54,136,1,31
"1153",44,136,3,556
"1154",47,137,5,364
"1155",44,137,3,542
"1156",58,137,1,221
"1157",43,137,1,38
"1158",46,137,1,92
"1159",11,75,1,183
"1160",66,138,1,158
"1161",10,75,5,584
"1162",50,138,1,138
"1163",7,75,2,175
"1164",47,138,2,284
"1165",68,138,1,40
"1166",12,75,4,541
"1167",20,75,3,570
"1168",42,138,1,91
"1169",46,139,1,260
"1170",15,75,3,457
"1171",47,139,2,473
"1172",66,139,3,169
"1173",44,139,2,437
"1174",31,75,1,114
"1175",56,139,1,36
"1176",48,139,1,32
"1177",66,140,3,531
"1178",42,140,2,560
"1179",44,140,2,493
"1180",52,140,5,142
"1181",2,76,4,457
"1182",21,76,4,663
"1183",11,76,1,129
"1184",1,76,2,285
"1185",5,76,6,626
"1186",6,76,4,417
"1187",4,76,1,76
"1188",41,141,6,498
"1189",44,141,3,629
"1190",8,76,3,282
"1191",42,141,2,408
"1192",63,141,1,16
"1193",44,142,3,241
"1194",9,76,2,178
"1195",58,142,1,332
"1196",42,142,2,312
"1197",13,77,5,521
"1198",54,142,1,7
"1199",8,77,3,412
"1200",14,77,2,378
"1201",10,77,5,544
"1202",47,142,2,223
"1203",2,77,1,159
"1204",42,143,1,259
"1205",50,143,2,472
"1206",47,143,2,274
"1207",51,143,3,849
"1208",49,143,2,249
"1209",11,77,1,157
"1210",47,144,3,294
"1211",66,144,1,167
"1212",6,77,1,86
"1213",44,144,2,555
"1214",8,78,2,235
"1215",48,144,3,140
"1216",16,78,2,230
"1217",10,78,2,286
"1218",7,78,5,581
"1219",63,144,1,51
"1220",21,78,3,541
"1221",52,145,2,276
"1222",66,145,2,251
"1223",42,145,2,462
"1224",44,145,4,682
"1225",9,78,1,88
"1226",12,78,3,339
"1227",11,78,1,213
"1228",44,146,2,538
"1229",42,146,1,137
"1230",41,146,3,204
"1231",12,79,2,198
"1232",2,79,3,531
"1233",47,146,2,57
"1234",31,79,1,68
"1235",6,79,5,528
"1236",11,79,3,494
"1237",9,79,1,82
"1238",21,79,4,529
"1239",46,147,2,403
"1240",58,147,1,294
"1241",47,147,1,207
"1242",54,147,1,10
"1243",48,147,1,54
"1244",42,147,1,137
"1245",50,147,2,238
"1246",43,147,1,22
"1247",47,148,2,399
"1248",49,148,2,263
"1249",10,80,3,381
"1250",20,80,4,574
"1251",66,149,2,65
"1252",47,149,1,46
"1253",12,80,3,366
"1254",7,80,4,433
"1255",46,149,1,174
"1256",61,149,1,49
"1257",66,150,3,435
"1258",42,150,2,502
"1259",51,150,1,28
"1260",52,150,2,231
"1261",54,150,3,827
"1262",8,80,1,98
"1263",49,150,1,272
"1264",11,80,1,88
"1265",6,80,1,104
"1266",42,151,2,409
"1267",11,81,1,263
"1268",47,151,1,30
"1269",6,81,5,586
"1270",49,151,1,124
"1271",21,81,4,533
"1272",8,81,4,346
"1273",5,81,5,482
"1274",50,151,1,131
"1275",69,151,1,41
"1276",41,151,1,203
"1277",47,152,5,236
"1278",58,152,1,311
"1279",44,152,2,431
"1280",46,152,1,268
"1281",9,81,2,145
"1282",42,152,1,212
"1283",31,81,2,183
"1284",47,153,2,353
"1285",50,153,1,134
"1286",42,153,2,437
"1287",10,81,2,260
"1288",54,153,1,30
"1289",51,153,1,29
"1290",47,154,4,389
"1291",49,154,3,272
"1292",14,82,2,270
"1293",10,82,2,191
"1294",43,154,2,67
"1295",8,82,4,400
"1296",44,154,2,513
"1297",13,82,3,321
"1298",46,154,1,301
"1299",11,82,2,166
"1300",26,82,3,435
"1301",42,156,1,370
"1302",44,156,3,464
"1303",41,156,2,231
"1304",54,156,1,33
"1305",8,83,2,270
"1306",26,83,3,451
"1307",4,83,1,89
"1308",42,157,1,172
"1309",7,83,4,357
"1310",58,157,2,481
"1311",11,83,2,262
"1312",44,157,2,520
"1313",43,157,4,122
"1314",17,83,1,65
"1315",47,157,2,261
"1316",21,83,2,485
"1317",14,83,1,177
"1318",31,83,1,108
"1319",46,158,1,297
"1320",42,158,1,248
"1321",47,158,2,128
"1322",10,83,1,175
"1323",50,158,1,11
"1324",49,159,2,263
"1325",3,84,1,83
"1326",23,84,3,404
"1327",47,159,5,146
"1328",44,159,2,482
"1329",28,84,4,459
"1330",11,84,6,595
"1331",46,159,2,370
"1332",6,84,4,517
"1333",14,84,1,112
"1334",42,160,2,561
"1335",44,160,3,541
"1336",52,160,3,466
"1337",66,160,5,152
"1338",21,84,1,190
"1339",10,84,1,93
"1340",56,160,1,68
"1341",12,85,3,454
"1342",17,85,4,457
"1343",7,85,5,410
"1344",10,85,4,530
"1345",41,161,4,342
"1346",44,161,3,576
"1347",47,161,3,292
"1348",43,161,1,51
"1349",51,161,1,10
"1350",9,85,2,159
"1351",58,162,1,241
"1352",54,162,4,137
"1353",6,86,4,536
"1354",46,162,2,482
"1355",42,162,1,187
"1356",10,86,5,560
"1357",23,86,4,457
"1358",26,86,4,432
"1359",5,86,4,448
"1360",55,162,1,32
"1361",44,162,1,282
"1362",47,162,2,275
"1363",47,163,2,426
"1364",42,163,2,363
"1365",46,163,1,125
"1366",48,163,2,36
"1367",31,86,2,174
"1368",61,163,1,19
"1369",49,163,1,135
"1370",51,163,1,24
"1371",50,163,1,167
"1372",9,86,1,68
"1373",49,164,3,674
"1374",10,87,4,563
"1375",47,164,2,343
"1376",14,87,2,246
"1377",13,87,4,430
"1378",44,164,2,402
"1379",33,87,1,138
"1380",52,165,2,141
"1381",42,165,3,470
"1382",44,165,2,550
"1383",11,87,2,247
"1384",66,165,2,215
"1385",70,165,1,33
"1386",57,165,1,38
"1387",26,87,1,111
"1388",21,88,4,610
"1389",12,88,4,446
"1390",26,88,3,445
"1391",7,88,4,474
"1392",44,166,2,530
"1393",41,166,4,390
"1394",14,88,1,91
"1395",42,166,1,262
"1396",48,166,4,127
"1397",11,88,3,427
"1398",54,166,2,155
"1399",9,88,2,152
"1400",44,167,2,365
"1401",42,167,2,230
"1402",46,167,2,377
"1403",51,167,1,67
"1404",3,88,1,94
"1405",47,167,4,261
"1406",21,89,1,153
"1407",26,89,4,630
"1408",2,89,5,624
"1409",15,89,2,188
"1410",11,89,4,670
"1411",48,167,1,31
"1412",6,89,3,337
"1413",50,168,2,210
"1414",42,168,1,280
"1415",46,168,2,305
"1416",56,168,1,24
"1417",43,168,1,33
"1418",55,168,1,35
"1419",49,169,3,359
"1420",22,89,2,400
"1421",44,169,2,457
"1422",46,169,2,378
"1423",31,89,1,139
"1424",66,169,1,151
"1425",66,170,4,610
"1426",28,90,2,187
"1427",31,90,2,174
"1428",44,170,3,720
"1429",20,90,5,736
"1430",42,170,2,456
"1431",54,170,3,187
"1432",10,90,3,406
"1433",7,90,3,340
"1434",48,170,1,25
"1435",44,171,2,609
"1436",42,171,3,322
"1437",17,90,1,87
"1438",47,171,2,198
"1439",2,90,1,188
"1440",50,171,2,329
"1441",5,91,4,393
"1442",48,171,1,45
"1443",2,91,4,439
"1444",21,91,3,432
"1445",6,91,1,231
"1446",10,91,4,539
"1447",58,172,1,311
"1448",44,172,2,481
"1449",47,172,1,55
"1450",46,172,2,270
"1451",54,172,1,23
"1452",50,172,1,88
"1453",42,173,2,417
"1454",9,91,1,64
"1455",11,91,1,160
"1456",47,173,1,185
"1457",31,91,1,78
"1458",50,173,4,327
"1459",54,173,5,191
"1460",10,92,3,327
"1461",13,92,2,309
"1462",48,173,1,35
"1463",6,92,1,157
"1464",14,92,3,466
"1465",31,92,1,102
"1466",26,92,2,335
"1467",49,174,3,731
"1468",11,92,1,152
"1469",47,174,2,463
"1470",48,174,2,190
"1471",2,92,1,112
"1472",46,174,2,332
"1473",12,93,1,462
"1474",10,93,5,555
"1475",8,93,2,195
"1476",49,175,2,221
"1477",26,93,4,550
"1478",17,93,1,134
"1479",42,175,1,259
"1480",48,175,1,31
"1481",66,175,2,340
"1482",51,175,1,30
"1483",50,175,3,435
"1484",7,93,3,263
"1485",21,93,2,348
"1486",43,176,2,69
"1487",41,176,3,281
"1488",29,93,1,145
"1489",42,176,3,340
"1490",47,176,2,371
"1491",54,176,4,269
"1492",7,94,1,166
"1493",28,94,2,375
"1494",15,94,5,525
"1495",11,94,3,475
"1496",2,94,5,422
"1497",21,94,2,353
"1498",47,177,2,325
"1499",54,177,4,151
"1500",49,177,1,111
"1501",6,94,3,448
"1502",46,177,2,435
"1503",17,94,1,114
"1504",50,177,1,259
"1505",51,177,1,72
"1506",42,178,2,302
"1507",46,178,1,244
"1508",47,178,2,337
"1509",25,95,1,185
"1510",48,178,3,114
"1511",2,95,5,673
"1512",10,95,3,314
"1513",50,178,1,83
"1514",24,95,2,285
"1515",20,95,3,514
"1516",49,178,1,177
"1517",7,95,3,380
"1518",4,95,1,93
"1519",46,179,2,346
"1520",31,95,1,88
"1521",47,179,4,176
"1522",49,179,3,385
"1523",50,179,1,111
"1524",48,179,2,72
"1525",21,95,1,477
"1526",12,95,2,220
"1527",42,180,2,353
"1528",43,180,1,151
"1529",21,96,5,725
"1530",46,180,1,131
"1531",54,180,2,58
"1532",8,96,4,424
"1533",6,96,3,331
"1534",22,96,3,437
"1535",2,96,3,292
"1536",41,181,6,347
"1537",44,181,2,561
"1538",5,96,3,325
"1539",42,181,3,350
"1540",54,181,1,21
"1541",9,96,3,202
"1542",50,182,3,287
"1543",58,182,2,479
"1544",31,96,1,96
"1545",44,182,4,586
"1546",54,182,3,195
"1547",11,97,4,1275
"1548",8,97,4,436
"1549",14,97,3,556
"1550",42,183,2,367
"1551",26,97,3,464
"1552",51,183,4,254
"1553",13,97,4,582
"1554",15,97,2,236
"1555",66,183,4,300
"1556",66,184,1,278
"1557",44,184,1,56
"1558",49,184,2,167
"1559",51,184,2,47
"1560",9,97,1,78
"1561",52,185,2,259
"1562",31,98,1,94
"1563",44,185,2,544
"1564",7,98,6,601
"1565",42,185,4,345
"1566",71,185,1,25
"1567",14,98,1,137
"1568",15,98,1,181
"1569",54,185,3,140
"1570",22,98,1,193
"1571",26,98,3,398
"1572",12,98,2,301
"1573",21,98,3,270
"1574",41,186,6,442
"1575",11,98,1,276
"1576",44,186,4,638
"1577",42,186,2,419
"1578",54,186,1,19
"1579",15,99,6,709
"1580",2,99,4,463
"1581",11,99,4,672
"1582",6,99,6,613
"1583",26,99,4,673
"1584",54,187,3,126
"1585",58,187,1,249
"1586",44,187,2,480
"1587",42,187,2,331
"1588",52,187,1,41
"1589",48,187,1,52
"1590",42,188,2,485
"1591",46,188,1,65
"1592",49,188,1,150
"1593",48,188,3,143
"1594",66,188,1,54
"1595",44,189,5,523
"1596",49,189,4,224
"1597",12,100,2,531
"1598",4,100,1,101
"1599",46,189,1,358
"1600",28,100,4,401
"1601",21,100,1,71
"1602",7,100,4,383
"1603",51,189,1,22
"1604",20,100,4,447
"1605",30,100,1,142
"1606",54,190,3,172
"1607",52,190,2,197
"1608",42,190,1,252
"1609",44,190,3,378
"1610",21,101,5,820
"1611",5,101,3,314
"1612",10,101,4,446
"1613",2,101,4,486
"1614",41,191,8,987
"1615",44,191,2,400
"1616",6,101,3,426
"1617",50,191,2,416
"1618",9,101,3,219
"1619",46,192,2,298
"1620",44,192,3,419
"1621",72,192,1,246
"1622",48,192,1,37
"1623",50,192,2,223
"1624",14,102,3,392
"1625",17,102,2,209
"1626",10,102,4,535
"1627",50,193,1,140
"1628",13,102,4,421
"1629",57,193,1,23
"1630",66,193,1,97
"1631",48,193,1,62
"1632",44,193,1,53
"1633",11,102,1,109
"1634",46,194,2,324
"1635",51,194,1,49
"1636",18,102,3,318
"1637",49,194,1,163
"1638",44,194,2,529
"1639",43,194,3,81
"1640",9,102,1,119
"1641",44,195,2,465
"1642",49,195,2,412
"1643",66,195,3,589
"1644",28,103,6,839
"1645",17,103,1,181
"1646",52,195,2,83
"1647",32,103,1,54
"1648",10,103,3,476
"1649",26,103,3,392
"1650",44,197,3,533
"1651",21,103,3,377
"1652",47,197,3,323
"1653",42,197,3,336
"1654",54,198,3,177
"1655",23,104,3,294
"1656",6,104,3,306
"1657",50,198,1,145
"1658",2,104,2,248
"1659",15,104,2,357
"1660",47,198,1,139
"1661",42,198,1,342
"1662",28,104,3,313
"1663",48,198,1,66
"1664",47,199,3,585
"1665",46,199,2,288
"1666",54,199,1,66
"1667",44,199,1,234
"1668",26,104,1,175
"1669",25,105,1,166
"1670",66,200,1,282
"1671",20,105,3,442
"1672",52,200,2,325
"1673",44,200,3,517
"1674",28,105,3,522
"1675",10,105,2,226
"1676",15,105,3,398
"1677",42,200,1,221
"1678",47,200,1,110
"1679",54,200,1,770
"1680",41,201,4,363
"1681",2,105,1,146
"1682",44,201,2,527
"1683",22,105,1,98
"1684",48,201,1,19
"1685",42,201,2,376
"1686",21,106,4,669
"1687",2,106,1,140
"1688",22,106,4,422
"1689",5,106,6,743
"1690",6,106,3,440
"1691",46,202,2,484
"1692",42,202,1,218
"1693",72,202,1,277
"1694",48,202,1,32
"1695",43,202,1,52
"1696",47,202,2,348
"1697",15,106,3,345
"1698",50,202,1,39
"1699",42,203,1,155
"1700",47,203,4,388
"1701",50,203,1,126
"1702",48,203,1,47
"1703",9,106,2,126
"1704",51,203,1,35
"1705",46,203,1,281
"1706",31,106,1,78
"1707",46,204,2,552
"1708",49,204,3,320
"1709",21,107,1,152
"1710",47,204,3,393
"1711",26,107,1,376
"1712",13,107,5,590
"1713",10,107,6,655
"1714",66,205,6,585
"1715",52,205,2,278
"1716",15,107,3,402
"1717",42,205,1,352
"1718",11,107,2,312
"1719",54,205,1,31
"1720",51,206,1,231
"1721",41,206,1,85
"1722",16,108,1,108
"1723",47,206,4,240
"1724",15,108,1,362
"1725",44,206,1,232
"1726",7,108,6,582
"1727",17,108,3,542
"1728",11,108,3,423
"1729",72,207,2,613
"1730",44,207,2,500
"1731",21,108,3,653
"1732",47,207,1,25
"1733",54,208,2,188
"1734",51,208,1,104
"1735",26,108,2,278
"1736",46,209,2,125
"1737",44,209,2,500
"1738",12,108,2,185
"1739",43,209,1,10
"1740",49,209,2,254
"1741",29,108,1,132
"1742",47,209,2,75
"1743",54,210,1,69
"1744",21,109,6,734
"1745",49,210,1,106
"1746",6,109,6,694
"1747",2,109,3,577
"1748",42,210,1,324
"1749",66,210,5,148
"1750",11,109,4,592
"1751",52,210,1,176
"1752",41,211,1,76
"1753",26,109,4,422
"1754",44,211,2,311
"1755",42,211,2,447
"1756",51,211,3,97
"1757",49,211,1,241
"1758",73,211,1,48
"1759",50,211,1,172
"1760",72,212,1,216
"1761",44,212,2,549
"1762",11,110,3,443
"1763",43,212,1,22
"1764",20,110,4,554
"1765",42,212,1,285
"1766",10,110,5,714
"1767",47,212,3,252
"1768",7,110,3,276
"1769",12,110,5,633
"1770",46,212,1,270
"1771",42,213,2,477
"1772",50,213,3,646
"1773",47,213,3,1078
"1774",48,213,2,143
"1775",66,213,1,47
"1776",49,214,3,788
"1777",47,214,4,334
"1778",1,111,1,139
"1779",44,214,2,425
"1780",21,111,4,811
"1781",22,111,5,677
"1782",17,111,1,103
"1783",5,111,5,527
"1784",43,214,2,140
"1785",8,111,6,584
"1786",46,214,1,141
"1787",2,111,2,195
"1788",42,215,2,323
"1789",44,215,2,491
"1790",46,215,1,279
"1791",73,215,5,191
"1792",48,215,2,52
"1793",9,111,2,147
"1794",49,215,1,143
"1795",44,216,2,475
"1796",50,216,1,95
"1797",42,216,2,542
"1798",47,216,5,233
"1799",21,112,1,171
"1800",8,112,2,196
"1801",41,216,2,310
"1802",11,112,3,356
"1803",15,112,2,401
"1804",13,112,2,384
"1805",10,112,2,250
"1806",47,217,6,640
"1807",14,112,1,182
"1808",44,217,3,539
"1809",46,217,2,619
"1810",16,113,1,128
"1811",54,217,2,66
"1812",17,113,1,143
"1813",7,113,2,243
"1814",12,113,4,405
"1815",8,113,2,175
"1816",26,113,2,363
"1817",42,218,2,588
"1818",21,113,3,398
"1819",46,218,1,150
"1820",47,218,2,383
"1821",11,113,2,235
"1822",68,218,1,28
"1823",48,218,7,247
"1824",50,218,1,113
"1825",21,114,1,128
"1826",2,114,3,433
"1827",23,114,5,552
"1828",6,114,3,384
"1829",11,114,3,318
"1830",15,114,2,238
"1831",47,219,1,223
"1832",44,219,1,289
"1833",46,219,2,455
"1834",43,219,1,36
"1835",54,219,1,34
"1836",49,219,1,144
"1837",51,219,2,38
"1838",66,219,1,224
"1839",49,220,2,286
"1840",42,220,2,501
"1841",10,115,3,366
"1842",7,115,3,931
"1843",66,220,2,453
"1844",20,115,2,234
"1845",46,220,1,92
"1846",54,220,4,199
"1847",26,115,2,271
"1848",51,220,1,28
"1849",9,115,1,84
"1850",31,115,1,62
"1851",43,220,1,35
"1852",15,115,2,275
"1853",41,220,1,177
"1854",42,221,2,466
"1855",2,116,3,380
"1856",44,221,2,495
"1857",8,116,3,467
"1858",73,221,5,269
"1859",47,221,1,116
"1860",6,116,1,220
"1861",5,116,4,303
"1862",49,221,1,350
"1863",21,116,5,655
"1864",22,116,3,402
"1865",47,222,2,500
"1866",46,222,1,373
"1867",44,222,2,567
"1868",54,222,2,65
"1869",9,116,1,119
"1870",49,223,1,426
"1871",42,223,1,187
"1872",31,116,1,107
"1873",50,223,2,207
"1874",47,223,3,520
"1875",14,117,1,163
"1876",8,117,4,422
"1877",44,223,4,214
"1878",11,117,3,376
"1879",56,223,1,27
"1880",10,117,3,298
"1881",73,223,1,34
"1882",12,117,1,74
"1883",49,224,3,242
"1884",47,224,2,242
"1885",26,118,1,165
"1886",73,224,7,265
"1887",7,118,4,441
"1888",10,118,3,427
"1889",44,224,2,399
"1890",14,118,2,201
"1891",8,118,2,199
"1892",46,224,1,295
"1893",16,118,1,120
"1894",21,118,3,584
"1895",12,118,1,287
"1896",52,225,5,612
"1897",44,225,2,481
"1898",9,118,1,79
"1899",29,118,1,85
"1900",46,225,2,305
"1901",49,225,1,114
"1902",11,119,6,799
"1903",6,119,5,748
"1904",17,119,5,452
"1905",15,119,4,667
"1906",47,227,6,595
"1907",46,227,1,315
"1908",73,227,1,33
"1909",44,227,2,370
"1910",2,119,3,358
"1911",42,228,2,540
"1912",50,228,3,659
"1913",47,228,3,924
"1914",48,228,3,71
"1915",12,120,5,606
"1916",10,120,4,512
"1917",7,120,5,520
"1918",49,229,3,1362
"1919",20,120,5,609
"1920",15,120,2,222
"1921",46,229,1,346
"1922",44,229,2,236
"1923",47,229,4,230
"1924",42,230,3,529
"1925",44,230,2,491
"1926",9,120,1,46
"1927",66,230,2,473
"1928",47,230,4,116
"1929",52,230,3,304
"1930",26,120,1,110
"1931",21,121,5,778
"1932",2,121,4,558
"1933",8,121,5,662
"1934",44,231,2,382
"1935",22,121,6,727
"1936",42,231,2,566
"1937",47,231,1,213
"1938",51,231,2,51
"1939",50,231,1,123
"1940",47,232,2,430
"1941",44,232,2,513
"1942",73,232,3,370
"1943",46,232,1,252
"1944",48,232,1,23
"1945",14,122,5,658
"1946",10,122,4,429
"1947",13,122,5,551
"1948",42,232,1,236
"1949",49,233,1,310
"1950",26,122,4,558
"1951",42,233,2,436
"1952",8,122,2,280
"1953",11,122,4,523
"1954",47,233,7,422
"1955",50,233,1,397
"1956",51,234,8,223
"1957",47,234,2,339
"1958",44,234,2,387
"1959",50,234,2,286
"1960",26,123,2,337
"1961",7,123,1,138
"1962",8,123,3,311
"1963",11,123,3,418
"1964",17,123,1,114
"1965",15,123,1,187
"1966",49,234,1,96
"1967",42,235,2,581
"1968",21,123,2,277
"1969",66,235,4,504
"1970",51,235,1,134
"1971",44,235,2,354
"1972",52,235,2,350
"1973",12,123,1,189
"1974",10,123,1,92
"1975",29,123,1,178
"1976",54,235,1,46
"1977",2,124,5,522
"1978",15,124,4,712
"1979",28,124,5,615
"1980",11,124,3,340
"1981",44,236,2,485
"1982",21,124,1,130
"1983",41,236,2,258
"1984",42,236,2,478
"1985",56,236,1,36
"1986",50,236,2,114
"1987",47,236,2,74
"1988",26,124,1,266
"1989",50,237,3,562
"1990",44,237,3,438
"1991",47,237,2,517
"1992",10,125,4,519
"1993",41,237,1,65
"1994",7,125,4,382
"1995",66,237,1,24
"1996",2,125,4,568
"1997",24,125,1,122
"1998",15,125,1,244
"1999",48,237,2,51
"2000",52,237,1,50
"2001",9,125,1,112
"2002",47,238,6,753
"2003",50,238,1,221
"2004",42,238,1,262
"2005",21,125,1,170
"2006",12,125,2,200
"2007",21,126,4,517
"2008",48,238,1,779
"2009",47,239,2,651
"2010",51,239,2,74
"2011",18,127,5,715
"2012",12,127,2,548
"2013",56,239,1,43
"2014",8,127,5,550
"2015",13,127,4,516
"2016",73,239,1,174
"2017",10,127,3,510
"2018",73,240,3,101
"2019",43,240,2,64
"2020",74,240,2,75
"2021",9,127,1,68
"2022",52,240,1,155
"2023",42,240,1,207
"2024",30,127,1,273
"2025",41,241,3,573
"2026",44,241,2,531
"2027",42,241,2,558
"2028",47,241,4,153
"2029",28,128,3,319
"2030",4,128,2,164
"2031",17,128,2,454
"2032",51,241,1,23
"2033",7,128,3,290
"2034",12,128,3,459
"2035",46,242,2,311
"2036",44,242,2,404
"2037",72,242,1,355
"2038",8,128,3,272
"2039",47,242,3,176
"2040",56,242,1,27
"2041",42,242,1,62
"2042",50,243,3,411
"2043",48,243,4,146
"2044",42,243,2,575
"2045",8,129,3,331
"2046",23,129,5,540
"2047",18,129,4,529
"2048",20,129,4,507
"2049",49,244,4,1023
"2050",46,244,1,249
"2051",51,244,2,160
"2052",44,244,2,248
"2053",25,130,1,184
"2054",47,244,1,53
"2055",12,130,3,474
"2056",54,245,1,50
"2057",10,130,2,255
"2058",28,130,2,341
"2059",46,245,1,338
"2060",66,245,1,181
"2061",24,130,1,236
"2062",20,130,4,602
"2063",74,245,1,102
"2064",7,130,5,536
"2065",44,245,2,472
"2066",73,245,3,116
"2067",47,246,2,56
"2068",44,246,2,468
"2069",42,246,2,416
"2070",41,246,4,399
"2071",5,131,3,260
"2072",21,131,3,443
"2073",8,131,2,169
"2074",22,131,4,460
"2075",72,247,1,339
"2076",2,131,3,295
"2077",46,247,3,532
"2078",44,247,2,483
"2079",47,247,3,179
"2080",56,247,1,39
"2081",9,131,2,114
"2082",31,131,1,71
"2083",50,248,4,992
"2084",42,248,1,315
"2085",47,248,5,374
"2086",3,132,1,97
"2087",8,132,5,618
"2088",10,132,5,547
"2089",49,248,1,119
"2090",13,132,5,594
"2091",14,132,4,527
"2092",49,249,2,165
"2093",26,132,1,166
"2094",44,249,2,364
"2095",47,249,2,207
"2096",46,249,1,321
"2097",73,249,5,171
"2098",51,249,1,47
"2099",74,249,1,188
"2100",66,250,3,458
"2101",7,133,3,444
"2102",42,250,2,533
"2103",10,133,4,535
"2104",8,133,2,184
"2105",44,250,1,241
"2106",49,250,1,131
"2107",21,133,2,237
"2108",11,133,3,363
"2109",52,250,4,277
"2110",75,250,1,20
"2111",28,133,1,119
"2112",16,133,2,200
"2113",54,250,1,26
"2114",49,251,2,458
"2115",31,133,2,152
"2116",26,133,3,331
"2117",47,251,2,168
"2118",42,251,2,594
"2119",73,251,5,175
"2120",50,251,1,98
"2121",74,251,2,228
"2122",26,134,3,550
"2123",11,134,4,607
"2124",6,134,4,777
"2125",2,134,2,415
"2126",15,134,3,462
"2127",44,252,3,1102
"2128",46,252,1,110
"2129",47,252,3,321
"2130",73,252,2,58
"2131",12,134,2,245
"2132",14,134,1,112
"2133",48,252,1,120
"2134",42,252,1,93
"2135",50,253,4,472
"2136",15,135,1,236
"2137",42,253,3,495
"2138",8,135,1,89
"2139",46,253,1,290
"2140",7,135,6,525
"2141",47,253,2,613
"2142",10,135,3,552
"2143",20,135,4,475
"2144",48,253,3,220
"2145",12,135,1,291
"2146",16,135,1,126
"2147",54,253,1,18
"2148",47,254,3,368
"2149",49,254,2,283
"2150",46,254,1,308
"2151",30,136,1,287
"2152",73,254,2,66
"2153",2,136,1,295
"2154",44,254,2,466
"2155",5,136,3,317
"2156",6,136,1,255
"2157",21,136,2,346
"2158",8,136,3,378
"2159",66,254,1,137
"2160",51,254,1,50
"2161",22,136,2,162
"2162",49,255,1,149
"2163",9,136,3,164
"2164",66,255,4,638
"2165",44,255,2,545
"2166",52,255,3,286
"2167",12,136,2,256
"2168",42,255,2,387
"2169",16,136,1,128
"2170",51,255,1,24
"2171",10,136,1,138
"2172",11,137,3,526
"2173",10,137,4,531
"2174",8,137,4,488
"2175",41,256,4,353
"2176",14,137,3,507
"2177",13,137,4,563
"2178",42,256,1,263
"2179",44,256,2,293
"2180",47,256,3,159
"2181",47,257,3,413
"2182",44,257,2,427
"2183",26,137,1,92
"2184",50,257,1,90
"2185",43,257,3,94
"2186",8,138,3,287
"2187",26,138,1,383
"2188",10,138,4,526
"2189",11,138,3,394
"2190",48,257,1,26
"2191",7,138,5,569
"2192",42,258,2,734
"2193",47,258,3,308
"2194",31,138,1,92
"2195",50,258,1,210
"2196",66,260,4,903
"2197",42,260,2,895
"2198",9,138,2,131
"2199",17,138,2,187
"2200",44,260,2,478
"2201",48,260,1,26
"2202",11,139,3,383
"2203",23,139,5,465
"2204",15,139,2,352
"2205",2,139,4,437
"2206",6,139,2,274
"2207",26,139,1,262
"2208",17,139,1,170
"2209",12,139,1,307
"2210",25,140,1,176
"2211",21,140,2,317
"2212",7,140,5,694
"2213",15,140,1,358
"2214",20,140,2,363
"2215",10,140,2,245
"2216",30,140,1,214
"2217",28,140,1,370
"2218",12,140,1,296
"2219",3,141,1,223
"2220",8,141,3,320
"2221",21,141,3,399
"2222",22,141,3,391
"2223",5,141,2,186
"2224",2,141,2,269
"2225",6,141,1,85
"2226",9,141,4,298
"2227",31,141,1,78
"2228",26,141,1,70
"2229",21,142,1,348
"2230",11,142,4,646
"2231",13,142,4,510
"2232",8,142,4,471
"2233",26,142,5,525
"2234",14,142,2,315
"2235",10,142,2,244
"2236",8,143,2,324
"2237",10,143,5,478
"2238",11,143,2,268
"2239",26,143,3,336
"2240",31,143,3,270
"2241",18,143,1,121
"2242",21,143,2,328
"2243",3,144,1,168
"2244",11,144,4,531
"2245",2,144,2,351
"2246",6,144,6,734
"2247",26,144,3,442
"2248",21,144,3,684
"2249",20,145,5,825
"2250",28,145,3,418
"2251",10,145,5,501
"2252",6,145,4,493
"2253",21,145,3,457
"2254",12,145,2,232
"2255",8,145,1,170
"2256",5,146,4,399
"2257",2,146,2,306
"2258",11,146,1,182
"2259",22,146,5,729
"2260",21,146,4,633
"2261",8,146,2,266
"2262",6,146,1,99
"2263",9,146,3,221
"2264",31,146,1,70
"2265",18,147,1,164
"2266",31,147,1,72
"2267",14,147,3,506
"2268",10,147,5,598
"2269",11,147,5,533
"2270",26,147,3,428
"2271",8,147,5,528
"2272",13,147,4,569
"2273",10,148,4,553
"2274",12,148,4,483
"2275",7,148,6,665
"2276",8,148,2,276
"2277",11,148,2,279
"2278",21,148,2,201
"2279",16,148,1,152
"2280",31,148,1,95
"2281",11,149,4,586
"2282",6,149,4,579
"2283",23,149,7,702
"2284",2,149,2,336
"2285",22,149,4,630
"2286",15,149,3,374
"2287",21,149,2,538
"2288",4,150,1,120
"2289",11,150,1,126
"2290",12,150,2,430
"2291",10,150,5,555
"2292",15,150,4,628
"2293",20,150,2,310
"2294",7,150,3,311
"2295",31,150,1,92
"2296",9,150,1,172
"2297",34,150,1,121
"2298",21,151,1,125
"2299",5,151,5,514
"2300",22,151,4,528
"2301",8,151,6,584
"2302",26,151,2,267
"2303",10,151,4,693
"2304",9,151,1,87
"2305",12,151,2,223
"2306",31,151,1,58
"2307",3,152,1,90
"2308",10,152,4,492
"2309",8,152,6,712
"2310",13,152,2,191
"2311",14,152,2,275
"2312",11,152,3,601
"2313",26,152,3,403
"2314",8,153,2,299
"2315",15,153,2,237
"2316",7,153,8,669
"2317",16,153,1,247
"2318",26,153,3,422
"2319",21,153,4,508
"2320",12,153,2,251
"2321",9,153,2,169
"2322",11,153,1,172
"2323",31,153,1,101
"2324",6,154,5,594
"2325",26,154,5,618
"2326",2,154,3,307
"2327",15,154,7,862
"2328",21,154,4,558
"2329",15,155,1,131
"2330",2,156,3,533
"2331",3,156,1,82
"2332",8,156,5,568
"2333",6,156,2,273
"2334",5,156,4,405
"2335",22,156,4,667
"2336",9,156,4,281
"2337",12,156,1,100
"2338",8,157,6,673
"2339",26,157,3,608
"2340",10,157,5,740
"2341",14,157,2,202
"2342",17,157,1,187
"2343",20,157,2,232
"2344",8,158,3,253
"2345",7,158,4,433
"2346",10,158,3,468
"2347",12,158,1,224
"2348",21,158,2,584
"2349",26,158,2,272
"2350",31,158,2,195
"2351",17,158,1,124
"2352",21,159,4,646
"2353",15,159,3,579
"2354",6,159,3,526
"2355",23,159,6,689
"2356",8,159,2,406
"2357",20,160,3,290
"2358",10,160,5,553
"2359",17,160,4,605
"2360",15,160,4,576
"2361",7,160,5,527
"2362",8,161,2,221
"2363",21,161,3,501
"2364",22,161,3,384
"2365",17,161,1,128
"2366",6,161,2,219
"2367",5,161,3,339
"2368",12,161,4,446
"2369",31,161,2,185
"2370",9,161,2,162
"2371",26,162,3,413
"2372",2,162,4,434
"2373",11,162,4,508
"2374",8,162,2,211
"2375",7,162,2,176
"2376",21,162,1,90
"2377",12,163,4,701
"2378",7,163,5,596
"2379",8,163,2,250
"2380",21,163,2,425
"2381",15,163,1,107
"2382",9,163,1,97
"2383",11,163,1,103
"2384",26,164,5,625
"2385",15,164,4,701
"2386",9,164,1,89
"2387",6,164,4,555
"2388",21,164,4,636
"2389",2,164,3,452
"2390",20,165,4,688
"2391",15,165,2,267
"2392",12,165,5,683
"2393",7,165,6,570
"2394",21,165,2,413
"2395",26,165,1,129
"2396",5,166,6,491
"2397",2,166,2,557
"2398",21,166,3,605
"2399",8,166,7,788
"2400",10,166,5,581
"2401",31,166,1,77
"2402",21,167,1,115
"2403",10,167,4,486
"2404",8,167,3,352
"2405",13,167,5,585
"2406",36,167,3,314
"2407",11,167,2,245
"2408",15,167,1,89
"2409",8,168,3,274
"2410",7,168,5,503
"2411",15,168,1,161
"2412",10,168,4,550
"2413",2,168,1,83
"2414",12,168,1,89
"2415",21,168,3,391
"2416",28,168,1,255
"2417",2,169,5,682
"2418",11,169,4,693
"2419",6,169,5,600
"2420",15,169,4,466
"2421",21,169,2,376
"2422",11,170,1,141
"2423",21,170,3,472
"2424",12,170,3,668
"2425",24,170,2,277
"2426",20,170,4,628
"2427",10,170,4,566
"2428",7,170,5,487
"2429",15,170,1,123
"2430",37,171,3,346
"2431",8,171,5,528
"2432",11,171,2,469
"2433",5,171,4,483
"2434",2,171,4,490
"2435",31,171,2,186
"2436",6,171,1,135
"2437",14,172,3,488
"2438",8,172,5,563
"2439",10,172,4,575
"2440",13,172,5,477
"2441",11,172,3,436
"2442",10,173,5,666
"2443",15,173,1,440
"2444",8,173,2,263
"2445",7,173,4,429
"2446",11,173,3,441
"2447",21,173,2,346
"2448",12,173,1,102
"2449",6,174,5,444
"2450",2,174,6,706
"2451",11,174,4,672
"2452",15,174,1,238
"2453",21,174,3,405
"2454",12,174,1,253
"2455",15,175,1,371
"2456",10,175,6,843
"2457",24,175,2,243
"2458",6,175,1,110
"2459",7,175,3,399
"2460",2,175,3,257
"2461",8,175,2,231
"2462",12,175,3,291
"2463",24,176,1,168
"2464",6,176,1,172
"2465",1,176,1,121
"2466",15,176,3,409
"2467",8,176,5,515
"2468",21,176,4,467
"2469",2,176,2,282
"2470",9,176,4,313
"2471",11,177,3,637
"2472",13,177,5,677
"2473",10,177,3,474
"2474",8,177,4,409
"2475",14,177,3,420
"2476",12,178,2,350
"2477",8,178,3,328
"2478",10,178,3,411
"2479",15,178,1,91
"2480",11,178,1,175
"2481",38,178,1,123
"2482",31,178,1,112
"2483",17,178,1,106
"2484",2,179,2,329
"2485",15,179,4,456
"2486",6,179,3,386
"2487",36,179,3,481
"2488",21,179,3,579
"2489",10,180,4,556
"2490",12,180,3,585
"2491",7,180,3,368
"2492",20,180,4,487
"2493",2,180,2,367
"2494",8,180,1,148
"2495",2,181,2,320
"2496",5,181,5,425
"2497",6,181,3,302
"2498",8,181,3,376
"2499",22,181,2,249
"2500",9,181,1,95
"2501",37,181,1,188
"2502",31,181,1,103
"2503",14,182,3,491
"2504",8,182,6,658
"2505",10,182,4,562
"2506",11,182,3,552
"2507",13,182,5,626
"2508",39,182,1,164
"2509",8,183,2,271
"2510",16,183,1,168
"2511",12,183,2,438
"2512",10,183,4,611
"2513",7,183,1,105
"2514",14,183,1,174
"2515",11,183,1,243
"2516",22,183,1,111
"2517",15,184,6,1017
"2518",6,184,5,637
"2519",2,184,3,437
"2520",37,184,3,316
"2521",11,184,3,433
"2522",15,185,2,406
"2523",10,185,4,507
"2524",24,185,1,94
"2525",6,185,3,555
"2526",20,185,3,373
"2527",12,185,1,88
"2528",8,186,7,556
"2529",21,186,3,395
"2530",22,186,5,738
"2531",6,186,1,246
"2532",5,186,4,373
"2533",40,186,1,181
"2534",31,186,2,160
"2535",9,186,1,69
"2536",8,187,4,456
"2537",6,187,3,528
"2538",26,187,3,415
"2539",14,187,2,552
"2540",11,187,2,334
"2541",13,187,4,440
"2542",16,188,1,107
"2543",11,188,3,452
"2544",7,188,6,643
"2545",8,188,2,215
"2546",21,188,2,313
"2547",9,188,1,93
"2548",29,188,1,110
"2549",36,189,3,314
"2550",11,189,3,562
"2551",6,189,4,472
"2552",21,189,5,694
"2553",22,189,3,385
"2554",20,190,3,359
"2555",7,190,2,211
"2556",26,190,1,108
"2557",11,190,2,437
"2558",38,190,2,294
"2559",8,190,2,222
"2560",21,191,3,594
"2561",2,191,4,517
"2562",5,191,5,509
"2563",8,191,7,763
"2564",9,191,4,248
"2565",13,192,5,626
"2566",26,192,4,522
"2567",10,192,2,322
"2568",14,192,2,340
"2569",11,192,5,829
"2570",8,192,3,416
"2571",34,192,1,130
"2572",21,192,1,154
"2573",8,193,2,276
"2574",10,193,2,260
"2575",11,193,5,634
"2576",7,193,5,458
"2577",21,193,3,368
"2578",9,193,1,78
"2579",31,193,1,84
"2580",14,194,1,179
"2581",11,194,3,495
"2582",2,194,4,562
"2583",22,194,3,317
"2584",23,194,3,511
"2585",37,194,2,238
"2586",8,194,2,185
"2587",21,194,1,164
"2588",25,195,1,216
"2589",7,195,3,346
"2590",2,195,3,321
"2591",10,195,1,123
"2592",20,195,2,229
"2593",9,195,1,73
"2594",8,195,1,140
"2595",31,195,1,75
"2596",11,197,3,656
"2597",8,197,3,421
"2598",13,197,3,473
"2599",26,197,2,315
"2600",10,197,3,405
"2601",7,198,4,604
"2602",8,198,3,372
"2603",12,198,1,288
"2604",26,198,2,388
"2605",9,198,3,281
"2606",21,198,3,404
"2607",11,198,1,145
"2608",26,199,2,343
"2609",14,199,1,159
"2610",2,199,4,617
"2611",21,199,4,558
"2612",22,199,4,498
"2613",15,199,3,495
"2614",11,199,1,113
"2615",11,200,1,191
"2616",21,200,2,339
"2617",20,200,4,548
"2618",15,200,3,284
"2619",7,200,2,359
"2620",10,200,4,557
"2621",29,200,1,128
"2622",12,200,1,128
"2623",37,200,1,85
"2624",5,201,3,414
"2625",22,201,4,568
"2626",8,201,3,378
"2627",12,201,2,197
"2628",36,201,1,118
"2629",2,201,2,302
"2630",39,201,2,227
"2631",9,201,2,168
"2632",6,202,1,97
"2633",8,202,3,358
"2634",14,202,3,463
"2635",11,202,3,527
"2636",10,202,2,263
"2637",20,202,1,98
"2638",11,203,4,592
"2639",8,203,3,346
"2640",15,203,1,327
"2641",7,203,5,538
"2642",10,203,3,407
"2643",21,203,2,314
"2644",36,203,2,211
"2645",9,204,2,189
"2646",11,204,2,285
"2647",15,204,4,559
"2648",6,204,5,820
"2649",23,204,5,687
"2650",2,204,1,113
"2651",21,204,3,361
"2652",39,204,1,108
"2653",21,205,2,312
"2654",12,205,2,233
"2655",7,205,5,539
"2656",24,205,1,145
"2657",20,205,3,595
"2658",10,205,4,461
"2659",31,205,1,79
"2660",15,205,3,502
"2661",5,206,5,616
"2662",10,206,4,462
"2663",38,206,2,305
"2664",40,206,2,349
"2665",9,206,3,296
"2666",6,206,2,480
"2667",8,206,2,241
"2668",26,206,2,284
"2669",26,207,3,402
"2670",31,207,1,104
"2671",14,207,3,527
"2672",8,207,4,528
"2673",39,207,1,90
"2674",13,207,5,637
"2675",10,207,4,493
"2676",36,207,4,341
"2677",8,208,2,316
"2678",38,208,2,333
"2679",7,208,8,772
"2680",9,208,4,318
"2681",26,208,2,403
"2682",21,208,3,370
"2683",15,208,1,246
"2684",11,208,1,256
"2685",36,208,1,108
"2686",31,208,1,101
"2687",11,209,5,737
"2688",6,209,4,509
"2689",23,209,5,495
"2690",2,209,3,537
"2691",15,209,4,597
"2692",21,209,3,484
"2693",12,209,1,195
"2694",25,210,1,296
"2695",10,210,5,670
"2696",20,210,5,706
"2697",7,210,4,422
"2698",15,210,2,277
"2699",38,210,2,227
"2700",2,210,3,386
"2701",31,210,1,90
"2702",21,211,7,843
"2703",5,211,6,607
"2704",22,211,3,391
"2705",8,211,4,442
"2706",6,211,3,525
"2707",9,211,1,115
"2708",11,211,2,335
"2709",31,211,1,83
"2710",26,212,2,295
"2711",8,212,4,626
"2712",11,212,4,449
"2713",14,212,3,473
"2714",10,212,2,217
"2715",13,212,4,467
"2716",10,213,5,683
"2717",26,213,1,120
"2718",8,213,2,191
"2719",7,213,6,616
"2720",11,213,1,182
"2721",21,213,3,359
"2722",9,213,2,277
"2723",31,213,1,82
"2724",8,214,5,637
"2725",26,214,2,305
"2726",14,214,1,180
"2727",15,214,3,459
"2728",37,214,1,154
"2729",12,214,3,330
"2730",15,215,4,590
"2731",20,215,4,508
"2732",24,215,1,182
"2733",10,215,4,591
"2734",7,215,5,610
"2735",9,215,1,106
"2736",21,215,1,421
"2737",21,216,2,661
"2738",6,216,2,270
"2739",2,216,2,341
"2740",8,216,4,454
"2741",5,216,3,327
"2742",22,216,3,310
"2743",9,216,1,73
"2744",14,217,2,259
"2745",2,217,4,494
"2746",10,217,4,582
"2747",11,217,3,392
"2748",9,217,1,96
"2749",8,217,4,531
"2750",13,217,2,254
"2751",12,218,3,476
"2752",8,218,4,376
"2753",10,218,4,457
"2754",15,218,1,123
"2755",11,218,2,303
"2756",21,218,3,755
"2757",31,218,1,89
"2758",3,218,1,90
"2759",6,219,5,624
"2760",23,219,2,340
"2761",15,219,2,353
"2762",2,219,4,489
"2763",21,219,2,373
"2764",11,219,1,85
"2765",25,220,1,114
"2766",10,220,6,825
"2767",15,220,1,421
"2768",20,220,5,634
"2769",38,220,1,135
"2770",17,220,1,120
"2771",21,220,2,386
"2772",11,220,1,140
"2773",12,220,2,260
"2774",6,221,2,232
"2775",5,221,5,481
"2776",8,221,4,455
"2777",37,221,3,378
"2778",22,221,3,458
"2779",31,221,2,172
"2780",9,221,2,158
"2781",26,222,4,607
"2782",8,222,4,383
"2783",14,222,3,636
"2784",13,222,4,450
"2785",10,222,5,812
"2786",11,222,3,368
"2787",7,223,5,506
"2788",16,223,3,446
"2789",8,223,2,173
"2790",12,223,1,357
"2791",10,223,3,317
"2792",21,223,3,399
"2793",26,223,2,245
"2794",9,223,1,48
"2795",6,224,5,857
"2796",15,224,1,119
"2797",23,224,6,615
"2798",2,224,4,494
"2799",21,224,2,254
"2800",7,225,3,289
"2801",15,225,2,296
"2802",20,225,2,409
"2803",10,225,5,471
"2804",11,225,1,92
"2805",31,225,1,107
"2806",21,225,1,145
"2807",2,226,1,109
"2808",10,227,4,540
"2809",11,227,1,278
"2810",15,227,4,491
"2811",38,227,5,489
"2812",13,227,4,423
"2813",26,227,1,305
"2814",7,228,4,435
"2815",15,228,3,356
"2816",12,228,5,535
"2817",26,228,1,131
"2818",11,228,1,120
"2819",9,228,2,159
"2820",21,228,3,374
"2821",34,228,1,101
"2822",6,229,5,572
"2823",15,229,4,565
"2824",38,229,2,185
"2825",11,229,2,465
"2826",2,229,2,305
"2827",20,230,3,472
"2828",15,230,4,476
"2829",7,230,6,590
"2830",26,230,3,485
"2831",12,230,1,83
"2832",17,230,2,170
"2833",5,231,5,508
"2834",6,231,4,515
"2835",22,231,5,625
"2836",21,231,4,567
"2837",39,231,1,154
"2838",9,231,2,148
"2839",10,232,5,730
"2840",13,232,5,565
"2841",11,232,3,572
"2842",14,232,1,205
"2843",26,232,2,269
"2844",12,233,1,293
"2845",16,233,1,105
"2846",7,233,4,443
"2847",10,233,4,494
"2848",21,233,3,391
"2849",31,233,2,177
"2850",26,234,3,434
"2851",2,234,5,514
"2852",11,234,1,81
"2853",15,234,4,395
"2854",6,234,4,403
"2855",37,234,1,242
"2856",14,234,1,102
"2857",10,235,2,430
"2858",15,235,2,270
"2859",7,235,4,492
"2860",20,235,3,338
"2861",6,236,2,341
"2862",22,236,4,557
"2863",5,236,5,629
"2864",2,236,6,667
"2865",39,236,1,119
"2866",11,237,4,644
"2867",14,237,3,381
"2868",10,237,4,577
"2869",13,237,5,729
"2870",26,237,1,135
"2871",3,238,1,122
"2872",15,238,2,254
"2873",16,238,2,237
"2874",7,238,5,559
"2875",11,238,3,539
"2876",14,238,1,96
"2877",12,238,3,315
"2878",31,238,1,102
"2879",29,238,1,111
"2880",31,239,1,83
"2881",6,239,5,835
"2882",15,239,6,664
"2883",2,239,4,637
"2884",26,239,3,560
"2885",11,239,2,212
"2886",12,240,1,249
"2887",10,240,5,519
"2888",7,240,5,406
"2889",20,240,2,389
"2890",15,240,2,257
"2891",31,240,1,70
"2892",8,241,4,536
"2893",22,241,4,776
"2894",26,241,5,635
"2895",6,241,2,251
"2896",1,241,1,156
"2897",21,241,1,106
"2898",9,241,2,118
"2899",31,241,1,106
"2900",8,242,3,298
"2901",13,242,3,342
"2902",11,242,2,278
"2903",2,242,2,443
"2904",10,242,3,505
"2905",26,242,1,133
"2906",26,243,4,514
"2907",8,243,3,308
"2908",12,243,5,534
"2909",7,243,4,513
"2910",15,243,1,117
"2911",11,243,2,364
"2912",10,243,1,94
"2913",31,243,1,69
"2914",9,243,1,90
"2915",2,244,3,570
"2916",6,244,5,592
"2917",9,244,1,68
"2918",15,244,2,361
"2919",26,244,4,511
"2920",27,244,1,92
"2921",37,244,3,369
"2922",34,245,2,290
"2923",7,245,3,317
"2924",24,245,2,178
"2925",10,245,3,479
"2926",20,245,3,479
"2927",12,245,3,519
"2928",6,245,1,108
"2929",2,245,1,152
"2930",31,245,1,97
"2931",12,246,3,281
"2932",5,246,4,482
"2933",22,246,3,419
"2934",2,246,4,560
"2935",21,246,4,657
"2936",8,246,4,521
"2937",31,246,2,210
"2938",9,246,3,239
"2939",26,247,1,125
"2940",8,247,4,513
"2941",10,247,4,445
"2942",13,247,5,740
"2943",14,247,2,263
"2944",11,247,2,237
"2945",12,248,2,229
"2946",14,248,1,186
"2947",10,248,5,576
"2948",7,248,5,548
"2949",8,248,2,313
"2950",15,248,1,129
"2951",9,248,2,142
"2952",21,248,2,268
"2953",26,248,1,153
"2954",29,248,1,153
"2955",9,249,1,72
"2956",15,249,3,524
"2957",6,249,6,607
"2958",23,249,3,427
"2959",2,249,3,453
"2960",21,249,4,569
"2961",10,250,6,520
"2962",11,250,1,86
"2963",15,250,1,183
"2964",20,250,5,574
"2965",24,250,1,93
"2966",7,250,4,451
"2967",21,250,1,336
"2968",12,250,1,371
"2969",26,250,1,115
"2970",21,251,4,478
"2971",6,251,3,413
"2972",23,251,3,352
"2973",5,251,3,366
"2974",10,251,3,364
"2975",31,251,2,182
"2976",38,251,1,222
"2977",29,251,1,179
"2978",15,252,3,540
"2979",13,252,2,220
"2980",20,252,3,343
"2981",10,252,3,395
"2982",14,252,2,285
"2983",26,252,1,256
"2984",7,253,2,216
"2985",15,253,1,308
"2986",8,253,3,352
"2987",10,253,4,479
"2988",16,253,1,125
"2989",31,253,2,192
"2990",38,253,2,242
"2991",9,253,2,190
"2992",12,253,1,99
"2993",11,254,4,570
"2994",6,254,5,607
"2995",2,254,6,821
"2996",12,254,2,333
"2997",15,254,1,162
"2998",38,254,2,166
"2999",20,255,5,618
"3000",15,255,2,410
"3001",6,255,2,225
"3002",10,255,4,541
"3003",7,255,1,96
"3004",12,255,2,214
"3005",11,255,1,149
"3006",8,255,1,124
"3007",2,256,4,513
"3008",22,256,2,498
"3009",21,256,4,575
"3010",6,256,2,254
"3011",8,256,4,460
"3012",5,256,5,472
"3013",9,256,3,240
"3014",26,256,1,83
"3015",10,257,4,381
"3016",20,257,3,419
"3017",14,257,1,239
"3018",13,257,4,563
"3019",8,257,3,339
"3020",11,257,3,373
"3021",12,258,3,508
"3022",11,258,3,532
"3023",10,258,3,330
"3024",38,258,1,253
"3025",7,258,2,165
"3026",31,258,1,83
"3027",21,258,2,214
"3028",26,258,1,86
"3029",10,259,2,522
"3030",21,260,5,715
"3031",7,260,2,224
"3032",15,260,4,556
"3033",24,260,1,103
"3034",10,260,2,236
