12,5.17,1,0.5,0,27,0
244,1.53,1,0.25,0,27,0
61,6.78,4,1,0,17,0
108,9.03,3,1,0,17,0
119,7.54,5,1,0,17,0
40,1.6,1,0.25,0,17,0
123,1.9,1,0.25,0,17,0
161,2.14,1,0.25,0,17,0
71,3.02,1,0.5,0,17,0
3,8.01,4,1,0,17,0
102,3.49,2,0.5,0,17,0
85,7.61,4,1,0,17,0
128,7.56,2,1,0,17,0
138,3.13,2,0.5,0,17,0
157,3.12,1,0.5,0,17,0
38,3.29,3,0.5,0,17,0
160,10.08,4,1,0,17,0
44,3.69,2,0.5,0,17,0
20,4.07,2,0.5,0,17,0
93,2.23,1,0.25,0,17,0
230,2.84,2,0.5,0,17,0
90,1.45,1,0.25,0,17,0
158,2.07,1,0.25,0,17,0
103,3.02,1,0.5,0,17,0
111,1.71,1,0.25,0,17,0
139,2.83,1,0.5,0,17,0
83,1.08,1,0.25,0,17,0
48,4.45,1,0.5,0,17,0
73,1.81,1,0.25,0,17,0
43,5.49,3,0.5,0,17,0
113,2.38,1,0.25,0,17,0
22,2.25,1,0.25,0,17,0
178,1.76,1,0.25,0,17,0
94,1.9,1,0.25,0,17,0
62,2.3,1,0.25,0,17,0
220,2.01,1,0.25,0,17,0
238,3.95,2,0.5,0,16,0
233,1.75,1,0.25,0,16,0
13,1.97,1,0.25,0,16,0
135,2.1,1,0.25,0,16,0
133,3.34,2,0.5,0,16,0
148,2.54,1,0.5,0,16,0
78,3.83,2,0.5,0,16,0
253,2.08,1,0.25,0,16,0
223,7.44,3,1,0,16,0
153,4.12,1,0.5,0,16,0
43,2.08,1,0.25,0,16,0
136,2.13,1,0.25,0,16,0
118,2.01,1,0.25,0,16,0
73,4.44,2,0.5,0,16,0
183,2.8,1,0.5,0,16,0
3,6.5,1,1,0,16,0
63,1.71,1,0.25,0,16,0
33,2.24,1,0.25,0,16,0
16,1.59,1,0.25,0,16,0
113,2.14,1,0.25,0,16,0
188,1.78,1,0.25,0,16,0
108,1.8,1,0.25,0,16,0
68,1.64,1,0.25,0,16,0
103,0.9,1,0.25,0,32,0
63,3.26,1,0.5,0,32,0
178,2.04,1,0.25,0,38,0
229,3.08,2,0.5,0,38,0
253,4.03,2,0.5,0,38,0
210,3.78,2,0.5,0,38,0
208,5.55,2,0.5,0,38,0
206,5.09,2,0.5,0,38,0
227,8.14,5,1,0,38,0
254,2.77,2,0.5,0,38,0
190,4.9,2,0.5,0,38,0
258,4.22,1,0.5,0,38,0
220,2.25,1,0.25,0,38,0
251,3.7,1,0.5,0,38,0
94,5.07,3,0.5,1,49,2
54,8.11,3,1,1,49,2
223,7.09,1,1,1,49,2
75,15.43,4,1,1,49,0
130,2.85,3,0.5,1,49,1
103,4.06,2,0.5,1,49,2
255,2.48,1,0.25,1,49,2
65,1.86,1,0.25,1,49,2
100,3.69,2,0.5,1,49,2
29,1.32,1,0.25,1,49,2
26,2.03,1,0.25,1,49,2
220,4.78,2,0.5,1,49,2
11,1.58,1,0.25,1,49,2
209,4.24,2,0.5,1,49,0
195,6.87,2,1,1,49,2
179,6.41,3,1,1,49,0
151,2.06,1,0.25,1,49,2
24,5.99,2,0.5,1,49,0
74,3.59,2,0.5,1,49,0
214,13.12,3,1,1,49,0
184,2.77,2,0.5,1,49,0
164,11.23,3,1,1,49,0
150,4.54,1,0.5,1,49,2
204,5.34,3,0.5,1,49,0
169,5.97,3,0.5,1,49,0
175,3.68,2,0.5,1,49,1
229,22.7,3,1,1,49,2
59,4.77,2,0.5,1,49,0
55,4.08,1,0.5,1,49,1
104,1.34,1,0.25,1,49,2
28,2.48,1,0.25,1,49,2
244,17.05,4,1,1,49,0
225,1.9,1,0.25,1,49,2
254,4.72,2,0.5,1,49,0
154,4.54,3,0.5,1,49,0
6,1.75,1,0.25,1,49,2
143,4.16,2,0.5,1,49,1
98,1.89,1,0.25,1,49,2
95,6,2,1,1,49,0
174,12.18,3,1,1,49,2
89,4,1,0.5,1,49,2
43,3.21,2,0.5,1,49,2
60,4.96,2,0.5,1,49,0
248,1.98,1,0.25,1,49,2
177,1.85,1,0.25,1,49,2
105,2.41,1,0.25,1,49,2
4,5.6,2,0.5,1,49,0
111,2.57,1,0.5,1,49,2
148,4.38,2,0.5,1,49,0
53,1.1,1,0.25,1,49,1
188,2.51,1,0.5,1,49,2
249,2.75,2,0.5,1,49,1
224,4.04,3,0.5,1,49,0
84,3.03,1,0.5,1,49,2
250,2.19,1,0.25,1,49,1
211,4.01,1,0.5,1,49,2
194,2.72,1,0.5,1,49,2
69,2.56,1,0.5,1,49,1
163,2.25,1,0.25,1,49,2
108,2.23,1,0.25,1,49,2
234,1.59,1,0.25,1,49,2
221,5.83,1,0.5,1,49,2
125,5.51,2,0.5,1,49,2
189,3.73,4,0.5,1,49,0
3,1.69,1,0.25,1,49,2
233,5.17,1,0.5,1,49,1
10,1.64,1,0.25,1,49,2
178,2.95,1,0.5,1,49,1
109,0.53,1,0.25,1,49,1
210,1.76,1,0.25,1,49,1
251,7.64,2,1,1,49,0
215,2.38,1,0.25,1,49,2
96,4.64,1,0.5,1,49,2
99,2.21,1,0.25,1,49,2
219,2.4,1,0.25,1,49,2
159,4.38,2,0.5,1,49,0
76,2.5,1,0.25,1,49,2
34,2.06,1,0.25,1,49,2
206,3.86,1,0.5,1,51,2
99,2.39,1,0.25,1,51,2
7,8.8,5,1,0,13,0
177,11.31,5,1,0,13,0
132,9.91,5,1,0,13,0
112,6.4,2,1,0,13,0
152,3.18,2,0.5,0,13,0
42,8.22,4,1,0,13,0
67,7.56,5,1,0,13,0
227,7.05,4,1,0,13,0
142,8.51,4,1,0,13,0
207,10.63,5,1,0,13,0
167,9.73,5,1,0,13,0
222,7.5,4,1,0,13,0
107,9.82,5,1,0,13,0
182,10.45,5,1,0,13,0
187,7.32,4,1,0,13,0
57,9.49,5,1,0,13,0
247,12.32,5,1,0,13,0
192,10.44,5,1,0,13,0
172,7.94,5,1,0,13,0
242,5.7,3,0.5,0,13,0
147,9.49,4,1,0,13,0
27,9.69,4,1,0,13,0
47,8.53,5,1,0,13,0
37,10.59,5,1,0,13,0
82,5.36,3,0.5,0,13,0
237,12.14,5,1,0,13,0
122,9.18,5,1,0,13,0
102,7.01,4,1,0,13,0
97,9.71,4,1,0,13,0
252,3.67,2,0.5,0,13,0
257,9.38,4,1,0,13,0
232,9.42,5,1,0,13,0
77,8.68,5,1,0,13,0
12,7.42,4,1,0,13,0
197,7.88,3,1,0,13,0
52,4.54,4,0.5,0,13,0
137,9.38,4,1,0,13,0
127,8.59,4,1,0,13,0
87,7.18,4,1,0,13,0
212,7.78,4,1,0,13,0
62,9.99,6,1,0,13,0
32,5.82,3,0.5,0,13,0
92,5.16,2,0.5,0,13,0
217,4.24,2,0.5,0,13,0
2,9.01,2,1,0,13,0
95,8.56,3,1,0,20,0
50,7.43,2,1,0,20,0
25,9.28,5,1,0,20,0
120,10.15,5,1,0,20,0
37,1.42,1,0.25,0,20,0
75,9.51,3,1,0,20,0
157,3.86,2,0.5,0,20,0
140,6.04,2,1,0,20,0
190,5.98,3,0.5,0,20,0
150,5.16,2,0.5,0,20,0
30,8.31,4,1,0,20,0
7,1.44,1,0.25,0,20,0
90,12.29,5,1,0,20,0
252,5.71,3,0.5,0,20,0
195,3.82,2,0.5,0,20,0
100,7.44,4,1,0,20,0
220,10.55,5,1,0,20,0
70,10.01,3,1,0,20,0
235,5.63,3,0.5,0,20,0
115,3.9,2,0.5,0,20,0
35,8.66,5,1,0,20,0
165,11.47,4,1,0,20,0
170,10.45,4,1,0,20,0
80,9.57,4,1,0,20,0
60,5.27,3,0.5,0,20,0
32,2.34,1,0.25,0,20,0
130,10.01,4,1,0,20,0
250,9.57,5,1,0,20,0
255,10.31,5,1,0,20,0
180,8.11,4,1,0,20,0
205,9.91,3,1,0,20,0
240,6.48,2,1,0,20,0
45,5.71,2,0.5,0,20,0
5,7.42,4,1,0,20,0
245,7.98,3,1,0,20,0
200,9.14,4,1,0,20,0
15,11.16,5,1,0,20,0
145,13.74,5,1,0,20,0
40,8.35,4,1,0,20,0
10,8.47,4,1,0,20,0
105,7.34,3,1,0,20,0
210,11.77,5,1,0,20,0
215,8.47,4,1,0,20,0
257,6.99,3,1,0,20,0
129,8.45,4,1,0,20,0
225,6.82,2,1,0,20,0
55,5.59,3,0.5,0,20,0
160,4.82,3,0.5,0,20,0
110,9.22,4,1,0,20,0
135,7.91,4,1,0,20,0
230,7.87,3,1,0,20,0
185,6.22,3,1,0,20,0
202,1.64,1,0.25,0,20,0
45,6.52,4,1,0,7,0
70,6.57,5,1,0,7,0
198,10.05,4,1,0,7,0
213,10.28,6,1,0,7,0
153,11.14,8,1,0,7,0
175,6.64,3,1,0,7,0
158,7.22,4,1,0,7,0
90,5.67,3,0.5,0,7,0
150,5.18,3,0.5,0,7,0
108,9.71,6,1,0,7,0
30,4.71,3,0.5,0,7,0
83,5.95,4,0.5,0,7,0
3,10.65,6,1,0,7,0
195,5.77,3,0.5,0,7,0
200,5.98,2,0.5,0,7,0
80,7.21,4,1,0,7,0
240,6.76,5,1,0,7,0
165,9.48,6,1,0,7,0
128,4.83,3,0.5,0,7,0
193,7.64,5,1,0,7,0
118,7.34,4,1,0,7,0
148,11.1,6,1,0,7,0
235,8.2,4,1,0,7,0
10,6.95,3,1,0,7,0
33,6.87,4,1,0,7,0
233,7.39,4,1,0,7,0
38,6.8,4,1,0,7,0
170,8.11,5,1,0,7,0
140,11.57,5,1,0,7,0
163,9.93,5,1,0,7,0
160,8.79,5,1,0,7,0
61,2.34,1,0.25,0,7,0
208,12.86,8,1,0,7,0
68,8.49,4,1,0,7,0
243,8.55,4,1,0,7,0
180,6.13,3,1,0,7,0
168,8.36,5,1,0,7,0
35,11.88,7,1,0,7,0
25,5.42,3,0.5,0,7,0
15,8.9,4,1,0,7,0
125,6.37,4,1,0,7,0
88,7.91,4,1,0,7,0
133,7.41,3,1,0,7,0
203,8.96,5,1,0,7,0
20,3.91,2,0.5,0,7,0
183,1.75,1,0.25,0,7,0
8,7.48,4,1,0,7,0
95,6.33,3,1,0,7,0
50,8.24,5,1,0,7,0
230,9.84,6,1,0,7,0
188,10.7,6,1,0,7,0
40,6.24,3,1,0,7,0
28,7.27,5,1,0,7,0
48,6.6,4,1,0,7,0
78,9.69,5,1,0,7,0
123,2.3,1,0.25,0,7,0
5,9.42,5,1,0,7,0
225,4.81,3,0.5,0,7,0
130,8.94,5,1,0,7,0
13,5.15,3,0.5,0,7,0
110,4.61,3,0.5,0,7,0
138,9.49,5,1,0,7,0
63,7.05,4,1,0,7,0
190,3.51,2,0.5,0,7,0
120,8.68,5,1,0,7,0
1,4.1,2,0.5,0,7,0
100,6.39,4,1,0,7,0
58,9.62,6,1,0,7,0
260,3.75,2,0.5,0,7,0
98,10.02,6,1,0,7,0
85,6.82,5,1,0,7,0
135,8.75,6,1,0,7,0
162,2.93,2,0.5,0,7,0
238,9.33,5,1,0,7,0
223,8.42,5,1,0,7,0
55,3.7,2,0.5,0,7,0
115,15.51,3,1,0,7,0
53,5.96,4,0.5,0,7,0
248,9.15,5,1,0,7,0
245,5.28,3,0.5,0,7,0
65,6.13,4,1,0,7,0
215,10.17,5,1,0,7,0
253,3.6,2,0.5,0,7,0
173,7.14,4,1,0,7,0
228,7.24,4,1,0,7,0
75,2.92,2,0.5,0,7,0
73,7.2,4,1,0,7,0
19,3.73,2,0.5,0,7,0
113,4.05,2,0.5,0,7,0
43,2.76,2,0.5,0,7,0
93,4.38,3,0.5,0,7,0
67,1.5,1,0.25,0,7,0
94,2.77,1,0.5,0,7,0
205,8.99,5,1,0,7,0
60,3.53,2,0.5,0,7,0
258,2.75,2,0.5,0,7,0
210,7.04,4,1,0,7,0
250,7.51,4,1,0,7,0
255,1.59,1,0.25,0,7,0
220,1.89,1,0.25,0,25,0
15,1.71,1,0.25,0,25,0
140,2.93,1,0.5,0,25,0
130,3.07,1,0.5,0,25,0
65,4.74,1,0.5,0,25,0
10,1.95,1,0.25,0,25,0
195,3.6,1,0.5,0,25,0
95,3.08,1,0.5,0,25,0
105,2.77,1,0.5,0,25,0
210,4.93,1,0.5,0,25,0
26,7.24,4,1,0,5,0
171,8.06,4,1,0,5,0
221,8.01,5,1,0,5,0
146,6.64,4,1,0,5,0
96,5.4,3,0.5,0,5,0
81,8.06,5,1,0,5,0
131,4.33,3,0.5,0,5,0
181,7.07,5,1,0,5,0
31,9.63,5,1,0,5,0
231,8.45,5,1,0,5,0
206,10.29,5,1,0,5,0
41,5.43,3,0.5,0,5,0
111,8.8,5,1,0,5,0
106,12.38,6,1,0,5,0
151,8.56,5,1,0,5,0
211,10.11,6,1,0,5,0
66,9.46,6,1,0,5,0
76,10.42,6,1,0,5,0
141,3.1,2,0.5,0,5,0
101,5.24,3,0.5,0,5,0
116,5.05,4,0.5,0,5,0
91,6.55,4,1,0,5,0
71,7.85,5,1,0,5,0
186,6.23,4,1,0,5,0
236,10.5,5,1,0,5,0
216,5.44,3,0.5,0,5,0
166,8.17,6,1,0,5,0
61,8.04,4,1,0,5,0
161,5.65,3,0.5,0,5,0
16,5.05,3,0.5,0,5,0
11,8.09,4,1,0,5,0
51,9.44,5,1,0,5,0
256,7.85,5,1,0,5,0
251,6.1,3,1,0,5,0
156,6.74,4,1,0,5,0
201,6.9,3,1,0,5,0
6,4.77,3,0.5,0,5,0
46,6.82,4,1,0,5,0
246,8.02,4,1,0,5,0
191,8.49,5,1,0,5,0
136,5.28,3,0.5,0,5,0
86,7.48,4,1,0,5,0
1,7.27,4,1,0,5,0
21,1.65,1,0.25,0,5,0
150,2,1,0.25,0,4,0
128,2.73,2,0.5,0,4,0
53,1.33,1,0.25,0,4,0
33,1.71,1,0.25,0,4,0
21,2.88,1,0.5,0,4,0
30,4.71,2,0.5,0,4,0
1,1.92,1,0.25,0,4,0
95,1.54,1,0.25,0,4,0
76,1.27,1,0.25,0,4,0
83,1.49,1,0.25,0,4,0
3,1.34,1,0.25,0,4,0
100,1.68,1,0.25,0,4,0
24,2.2,1,0.25,0,4,0
63,2.41,1,0.25,0,4,0
38,1.56,1,0.25,0,4,0
70,1.92,1,0.25,0,4,0
176,4.68,2,0.5,0,2,0
246,9.34,4,1,0,2,0
16,10.86,4,1,0,2,0
254,13.69,6,1,0,2,0
239,10.61,4,1,0,2,0
234,8.56,5,1,0,2,0
109,9.6,3,1,0,2,0
40,6.05,3,1,0,2,0
34,4.41,2,0.5,0,2,0
236,11.12,6,1,0,2,0
204,1.89,1,0.25,0,2,0
4,12.2,3,1,0,2,0
101,8.1,4,1,0,2,0
164,7.54,3,1,0,2,0
194,9.38,4,1,0,2,0
41,11.11,3,1,0,2,0
139,7.25,4,1,0,2,0
149,5.6,2,0.5,0,2,0
79,8.85,3,1,0,2,0
91,7.32,4,1,0,2,0
59,9.3,5,1,0,2,0
219,8.16,4,1,0,2,0
9,7.24,3,1,0,2,0
256,8.54,4,1,0,2,0
169,11.37,5,1,0,2,0
95,11.22,5,1,0,2,0
119,5.97,3,0.5,0,2,0
62,3.39,2,0.5,0,2,0
146,5.08,2,0.5,0,2,0
168,1.38,1,0.25,0,2,0
171,8.17,4,1,0,2,0
166,9.29,2,1,0,2,0
29,6.99,4,1,0,2,0
61,5.78,3,0.5,0,2,0
49,10.95,5,1,0,2,0
26,6.45,3,1,0,2,0
217,8.23,4,1,0,2,0
199,10.29,4,1,0,2,0
76,7.62,4,1,0,2,0
174,11.77,6,1,0,2,0
66,7.37,3,1,0,2,0
191,8.61,4,1,0,2,0
71,5.75,2,0.5,0,2,0
181,5.34,2,0.5,0,2,0
216,5.68,2,0.5,0,2,0
156,8.89,3,1,0,2,0
31,18.42,4,1,0,2,0
94,7.02,5,1,0,2,0
51,5.78,3,0.5,0,2,0
162,7.23,4,1,0,2,0
44,6.29,4,1,0,2,0
99,7.72,4,1,0,2,0
121,9.29,4,1,0,2,0
179,5.49,2,0.5,0,2,0
1,10.26,4,1,0,2,0
17,5.06,2,0.5,0,2,0
14,8.36,3,1,0,2,0
124,8.69,5,1,0,2,0
105,2.43,1,0.25,0,2,0
125,9.46,4,1,0,2,0
244,9.5,3,1,0,2,0
89,10.4,5,1,0,2,0
201,5.02,2,0.5,0,2,0
210,6.43,3,1,0,2,0
77,2.65,1,0.5,0,2,0
46,5.87,2,0.5,0,2,0
96,4.86,3,0.5,0,2,0
209,8.94,3,1,0,2,0
154,5.13,3,0.5,0,2,0
226,1.82,1,0.25,0,2,0
136,4.92,1,0.5,0,2,0
111,3.25,2,0.5,0,2,0
116,6.33,3,1,0,2,0
141,4.48,2,0.5,0,2,0
175,4.28,3,0.5,0,2,0
114,7.21,3,1,0,2,0
106,2.34,1,0.25,0,2,0
195,5.33,3,0.5,0,2,0
39,8.78,3,1,0,2,0
74,10.39,5,1,0,2,0
131,4.92,3,0.5,0,2,0
249,7.56,3,1,0,2,0
180,6.11,2,1,0,2,0
11,7.27,3,1,0,2,0
242,7.38,2,1,0,2,0
92,1.87,1,0.25,0,2,0
104,4.13,2,0.5,0,2,0
52,2.21,1,0.25,0,2,0
184,7.29,3,1,0,2,0
144,5.85,2,0.5,0,2,0
224,8.23,4,1,0,2,0
229,5.08,2,0.5,0,2,0
18,5.05,2,0.5,0,2,0
134,6.93,2,1,0,2,0
54,8.03,3,1,0,2,0
90,3.14,1,0.5,0,2,0
245,2.54,1,0.5,0,2,0
47,3.4,1,0.5,0,2,0
171,5.76,3,0.5,0,37,0
244,6.15,3,1,0,37,0
184,5.26,3,0.5,0,37,0
234,4.03,1,0.5,0,37,0
214,2.57,1,0.5,0,37,0
200,1.41,1,0.25,0,37,0
221,6.3,3,1,0,37,0
181,3.13,1,0.5,0,37,0
194,3.98,2,0.5,0,37,0
252,9,3,1,0,15,0
39,12.57,5,1,0,15,0
49,7.58,3,1,0,15,0
250,3.05,1,0.5,0,15,0
205,8.38,3,1,0,15,0
119,11.12,4,1,0,15,0
38,10.43,3,1,0,15,0
228,5.92,3,0.5,0,15,0
75,7.62,3,1,0,15,0
160,9.6,4,1,0,15,0
114,3.97,2,0.5,0,15,0
149,6.24,3,1,0,15,0
108,6.04,1,1,0,15,0
30,5.79,1,0.5,0,15,0
230,7.94,4,1,0,15,0
154,14.37,7,1,0,15,0
5,3.85,2,0.5,0,15,0
60,4.2,2,0.5,0,15,0
227,8.19,4,1,0,15,0
165,4.45,2,0.5,0,15,0
94,8.76,5,1,0,15,0
45,6.97,3,1,0,15,0
239,11.06,6,1,0,15,0
234,6.61,4,1,0,15,0
225,4.93,2,0.5,0,15,0
184,16.94,6,1,0,15,0
238,4.24,2,0.5,0,15,0
105,6.63,3,1,0,15,0
124,11.87,4,1,0,15,0
219,5.88,2,0.5,0,15,0
260,9.27,4,1,0,15,0
9,9.12,4,1,0,15,0
64,5.01,2,0.5,0,15,0
14,5.43,3,0.5,0,15,0
69,11.57,6,1,0,15,0
218,2.05,1,0.25,0,15,0
29,9,4,1,0,15,0
70,7.13,1,1,0,15,0
106,5.75,3,0.5,0,15,0
229,9.43,4,1,0,15,0
99,11.8,6,1,0,15,0
204,9.31,4,1,0,15,0
169,7.75,4,1,0,15,0
24,6.67,3,1,0,15,0
199,8.25,3,1,0,15,0
22,8.26,3,1,0,15,0
74,8.12,4,1,0,15,0
203,5.45,1,0.5,0,15,0
115,4.58,2,0.5,0,15,0
235,4.51,2,0.5,0,15,0
150,10.47,4,1,0,15,0
10,5.39,1,0.5,0,15,0
59,8.07,4,1,0,15,0
23,3.15,2,0.5,0,15,0
164,11.69,4,1,0,15,0
63,9.97,3,1,0,15,0
107,6.69,3,1,0,15,0
210,4.61,2,0.5,0,15,0
153,3.94,2,0.5,0,15,0
4,9.03,5,1,0,15,0
209,9.96,4,1,0,15,0
168,2.69,1,0.5,0,15,0
3,8.19,4,1,0,15,0
140,5.96,1,0.5,0,15,0
125,4.06,1,0.5,0,15,0
6,3.38,1,0.5,0,15,0
34,13.47,4,1,0,15,0
215,9.82,4,1,0,15,0
112,6.69,2,1,0,15,0
244,6.02,2,1,0,15,0
159,9.65,3,1,0,15,0
170,2.06,1,0.25,0,15,0
155,2.18,1,0.25,0,15,0
214,7.64,3,1,0,15,0
254,2.7,1,0.5,0,15,0
97,3.94,2,0.5,0,15,0
44,1.39,1,0.25,0,15,0
89,3.13,2,0.5,0,15,0
13,6.3,2,1,0,15,0
139,5.86,2,0.5,0,15,0
240,4.29,2,0.5,0,15,0
179,7.61,4,1,0,15,0
255,6.83,2,1,0,15,0
163,1.78,1,0.25,0,15,0
174,3.97,1,0.5,0,15,0
176,6.82,3,1,0,15,0
248,2.15,1,0.25,0,15,0
173,7.33,1,1,0,15,0
134,7.69,3,1,0,15,0
98,3.01,1,0.5,0,15,0
208,4.1,1,0.5,0,15,0
185,6.78,2,1,0,15,0
48,5.68,1,0.5,0,15,0
104,5.93,2,0.5,0,15,0
52,6.66,2,1,0,15,0
249,8.73,3,1,0,15,0
167,1.48,1,0.25,0,15,0
55,2.06,1,0.25,0,15,0
120,3.7,2,0.5,0,15,0
253,5.13,1,0.5,0,15,0
72,4.92,1,0.5,0,15,0
25,2.55,1,0.5,0,15,0
200,4.73,3,0.5,0,15,0
135,3.94,1,0.5,0,15,0
178,1.51,1,0.25,0,15,0
243,1.95,1,0.25,0,15,0
224,1.99,1,0.25,0,15,0
220,7.02,1,1,0,15,0
175,6.18,1,1,0,15,0
123,3.12,1,0.5,0,15,0
54,4.19,2,0.5,0,15,0
40,4.65,1,0.5,0,15,0
136,4.79,1,0.5,0,30,0
27,2.79,1,0.5,0,30,0
24,5.25,1,0.5,0,30,0
40,1.87,1,0.25,0,30,0
25,4.73,2,0.5,0,30,0
20,2.32,1,0.25,0,30,0
127,4.54,1,0.5,0,30,0
49,3.76,1,0.5,0,30,0
100,2.37,1,0.25,0,30,0
140,3.56,1,0.5,0,30,0
33,2.11,1,0.25,0,30,0
243,9.57,2,1,1,42,1
213,7.95,2,1,1,42,1
106,2.48,1,0.25,1,42,1
171,5.37,3,0.5,1,42,0
80,7.92,2,1,1,42,1
250,8.89,2,1,1,42,1
116,2.98,1,0.5,1,42,1
120,6.88,2,1,1,42,1
128,8.24,2,1,1,42,1
218,9.8,2,1,1,42,1
211,7.45,2,1,1,42,1
233,7.27,2,1,1,42,1
60,8.99,2,1,1,42,1
253,6.38,2,1,1,42,1
132,3.68,1,0.5,1,42,1
186,6.99,2,1,1,42,1
165,7.82,3,1,1,42,0
33,5.31,3,0.5,1,42,2
112,4.03,2,0.5,1,42,2
46,5.68,2,0.5,1,42,0
58,6.14,2,1,1,42,1
216,9.03,2,1,1,42,1
32,4.95,2,0.5,1,42,0
68,7.82,2,1,1,42,1
140,9.34,2,1,1,42,1
215,5.38,2,0.5,1,42,0
8,9.74,3,1,1,42,0
12,5.52,2,0.5,1,42,0
66,3.89,2,0.5,1,42,0
167,3.83,2,0.5,1,42,1
187,5.53,2,0.5,1,42,0
55,6.05,1,1,1,42,1
160,9.34,2,1,1,42,1
93,4.06,2,0.5,1,42,0
48,4.95,1,0.5,1,42,1
38,7.24,2,1,1,42,0
258,12.24,2,1,1,42,1
40,7.78,2,1,1,42,1
201,6.25,2,1,1,42,0
6,4.1,2,0.5,1,42,2
183,6.12,2,1,1,42,0
242,1.03,1,0.25,1,42,2
162,3.11,1,0.5,1,42,1
197,5.61,3,0.5,1,42,0
136,2.63,2,0.5,1,42,0
108,5,2,0.5,1,42,2
210,5.41,1,0.5,1,42,1
236,7.96,2,1,1,42,1
200,3.69,1,0.5,1,42,1
255,6.45,2,1,1,42,0
143,4.31,1,0.5,1,42,1
85,1.88,1,0.25,1,42,2
188,8.08,2,1,1,42,1
166,4.37,1,0.5,1,42,1
246,6.93,2,1,1,42,1
15,5.87,1,0.5,1,42,1
223,3.12,1,0.5,1,42,1
83,6.49,2,1,1,42,0
158,4.14,1,0.5,1,42,1
142,5.2,2,0.5,1,42,0
87,5.55,2,0.5,1,42,0
175,4.31,1,0.5,1,42,1
118,3.74,1,0.5,1,42,1
95,4.88,1,0.5,1,42,1
1,7.48,2,1,1,42,1
228,9,2,1,1,42,1
220,8.36,2,1,1,42,1
57,3.63,1,0.5,1,42,1
260,14.92,2,1,1,42,0
133,5.98,1,0.5,1,42,1
230,8.81,3,1,1,42,0
88,2.88,1,0.5,1,42,1
20,2.07,1,0.25,1,42,1
50,7.33,3,1,1,42,0
146,2.28,1,0.25,1,42,1
86,2.75,2,0.5,1,42,0
185,5.76,4,0.5,1,42,2
168,4.67,1,0.5,1,42,1
212,4.75,1,0.5,1,42,1
65,6.7,2,1,1,42,1
181,5.82,3,0.5,1,42,2
70,4.95,1,0.5,1,42,1
107,5.18,2,0.5,1,42,0
180,5.88,2,0.5,1,42,0
231,9.44,2,1,1,42,1
51,2.08,1,0.25,1,42,2
90,4.06,2,0.5,1,42,0
176,5.68,3,0.5,1,42,0
2,2.57,2,0.5,1,42,2
5,3.36,2,0.5,1,42,0
67,9.86,3,1,1,42,0
131,2.66,1,0.5,1,42,2
110,4.82,1,0.5,1,42,1
150,8.37,2,1,1,42,1
235,9.68,2,1,1,42,1
98,9,3,1,1,42,0
27,7.37,2,1,1,42,1
205,5.87,1,0.5,1,42,1
138,1.51,1,0.25,1,42,2
156,6.17,1,1,1,42,1
41,2.46,1,0.25,1,42,1
221,7.77,2,1,1,42,1
241,9.3,2,1,1,42,1
100,9.06,2,1,1,42,1
152,3.53,1,0.5,1,42,1
190,4.21,1,0.5,1,42,1
122,4.49,1,0.5,1,42,1
170,7.61,2,1,1,42,1
252,1.55,1,0.25,1,42,2
238,4.37,1,0.5,1,42,1
63,11.75,2,1,1,42,1
62,3.38,1,0.5,1,42,1
141,6.79,2,1,1,42,1
153,7.28,2,1,1,42,1
163,6.04,2,1,1,42,0
111,5.23,2,0.5,1,42,0
130,8.66,2,1,1,42,1
125,3.79,1,0.5,1,42,1
31,2.88,1,0.5,1,42,2
10,12.33,2,1,1,42,1
121,1.19,1,0.25,1,42,2
151,6.81,2,1,1,42,0
256,4.38,1,0.5,1,42,1
19,2.44,1,0.25,1,42,1
78,4.48,2,0.5,1,42,0
135,1.74,1,0.25,1,42,1
198,5.69,1,0.5,1,42,1
28,2.33,1,0.25,1,42,1
173,6.95,2,1,1,42,0
91,6.97,3,1,1,42,0
17,2.1,1,0.25,1,42,2
123,9.55,2,1,1,42,1
13,6.57,2,1,1,42,0
240,3.45,1,0.5,1,42,1
71,4.88,1,0.5,1,42,1
232,3.93,1,0.5,1,42,1
157,2.87,1,0.5,1,42,1
7,4.75,1,0.5,1,42,1
178,5.03,2,0.5,1,42,0
3,5.43,2,0.5,1,42,0
145,7.71,2,1,1,42,1
11,2.24,1,0.25,1,42,2
203,2.58,1,0.5,1,42,2
202,3.63,1,0.5,1,42,1
147,2.28,1,0.25,1,42,2
35,5.58,1,0.5,1,42,1
96,2.51,2,0.5,1,42,2
77,3.29,1,0.5,1,42,1
26,5.65,1,0.5,1,42,1
251,9.9,2,1,1,42,1
248,5.25,1,0.5,1,42,1
16,2.12,1,0.25,1,42,2
97,4.87,1,0.5,1,42,1
176,2.39,1,0.25,1,54,2
166,1.92,1,0.25,1,54,1
190,1.6,1,0.25,1,54,2
64,8.16,5,1,0,23,0
139,7.76,5,1,0,23,0
9,9.54,5,1,0,23,0
224,10.25,6,1,0,23,0
219,5.67,2,0.5,0,23,0
114,9.18,5,1,0,23,0
194,8.51,3,1,0,23,0
159,11.49,6,1,0,23,0
204,11.45,5,1,0,23,0
129,8.99,5,1,0,23,0
209,8.24,5,1,0,23,0
249,7.12,3,1,0,23,0
251,5.88,3,0.5,0,23,0
149,11.71,7,1,0,23,0
86,7.61,4,1,0,23,0
104,4.91,3,0.5,0,23,0
54,4.45,3,0.5,0,23,0
84,6.73,3,1,0,23,0
29,6.96,3,1,0,23,0
39,7.69,4,1,0,23,0
144,7.36,3,1,0,26,0
164,10.39,5,1,0,26,0
207,6.7,3,1,0,26,0
123,5.61,2,0.5,0,26,0
59,10.01,5,1,0,26,0
147,7.15,3,1,0,26,0
244,8.52,4,1,0,26,0
62,3.21,1,0.5,0,26,0
32,5.37,2,0.5,0,26,0
208,6.71,2,1,0,26,0
56,3.87,1,0.5,0,26,0
83,7.5,3,1,0,26,0
69,8.86,4,1,0,26,0
206,4.74,2,0.5,0,26,0
239,9.34,3,1,0,26,0
134,9.16,3,1,0,26,0
243,8.56,4,1,0,26,0
24,5.87,3,0.5,0,26,0
113,6.05,2,1,0,26,0
14,9.17,4,1,0,26,0
141,1.17,1,0.25,0,26,0
92,5.59,2,0.5,0,26,0
230,8.08,3,1,0,26,0
38,6.32,3,1,0,26,0
222,10.11,4,1,0,26,0
133,5.5,3,0.5,0,26,0
232,4.48,2,0.5,0,26,0
87,1.84,1,0.25,0,26,0
118,2.75,1,0.5,0,26,0
33,9.11,4,1,0,26,0
234,7.23,3,1,0,26,0
82,7.25,3,1,0,26,0
103,6.54,3,1,0,26,0
93,9.16,4,1,0,26,0
252,4.27,1,0.5,0,26,0
139,4.36,1,0.5,0,26,0
158,4.54,2,0.5,0,26,0
197,5.25,2,0.5,0,26,0
157,10.15,3,1,0,26,0
187,6.91,3,1,0,26,0
227,5.09,1,0.5,0,26,0
109,7.03,4,1,0,26,0
88,7.42,3,1,0,26,0
199,5.71,2,0.5,0,26,0
86,7.19,4,1,0,26,0
98,6.64,3,1,0,26,0
213,2,1,0.25,0,26,0
99,11.21,4,1,0,26,0
63,3.76,2,0.5,0,26,0
42,8.79,3,1,0,26,0
242,2.22,1,0.25,0,26,0
132,2.76,1,0.5,0,26,0
47,1.75,2,0.5,0,26,0
122,9.3,4,1,0,26,0
151,4.44,2,0.5,0,26,0
212,4.93,2,0.5,0,26,0
241,10.57,5,1,0,26,0
54,1.61,1,0.25,0,26,0
237,2.25,1,0.25,0,26,0
58,7.93,3,1,0,26,0
154,10.3,5,1,0,26,0
142,8.75,5,1,0,26,0
44,6.52,3,1,0,26,0
192,8.7,4,1,0,26,0
153,7.04,3,1,0,26,0
34,9.97,4,1,0,26,0
12,3.37,2,0.5,0,26,0
74,10.13,5,1,0,26,0
250,1.92,1,0.25,0,26,0
143,5.6,3,0.5,0,26,0
97,7.75,3,1,0,26,0
73,9.12,4,1,0,26,0
13,7.98,4,1,0,26,0
104,2.91,1,0.5,0,26,0
124,4.43,1,0.5,0,26,0
28,6.5,3,1,0,26,0
89,10.5,4,1,0,26,0
214,5.08,2,0.5,0,26,0
138,6.38,1,1,0,26,0
27,1.29,1,0.25,0,26,0
68,3.56,1,0.5,0,26,0
107,6.27,1,1,0,26,0
10,3.19,1,0.5,0,26,0
165,2.15,1,0.25,0,26,0
198,6.46,2,1,0,26,0
120,1.83,1,0.25,0,26,0
162,6.87,3,1,0,26,0
228,2.19,1,0.25,0,26,0
45,2.51,1,0.5,0,26,0
72,1.15,1,0.25,0,26,0
223,4.07,2,0.5,0,26,0
115,4.51,2,0.5,0,26,0
256,1.38,1,0.25,0,26,0
108,4.63,2,0.5,0,26,0
190,1.79,1,0.25,0,26,0
258,1.43,1,0.25,0,26,0
137,1.53,1,0.25,0,26,0
152,6.71,3,1,0,26,0
248,2.55,1,0.5,0,26,0
247,2.09,1,0.25,0,26,0
37,1.95,1,0.25,0,26,0
243,6.06,2,1,0,11,0
9,6.82,4,1,0,11,0
43,6.21,2,1,0,11,0
109,9.87,4,1,0,11,0
149,9.78,4,1,0,11,0
97,21.26,4,1,0,11,0
124,5.65,3,0.5,0,11,0
59,12.26,3,1,0,11,0
182,9.2,3,1,0,11,0
254,9.5,4,1,0,11,0
24,3.91,2,0.5,0,11,0
57,8.29,4,1,0,11,0
110,7.38,3,1,0,11,0
114,5.29,3,0.5,0,11,0
12,9.01,4,1,0,11,0
119,13.32,6,1,0,11,0
238,8.99,3,1,0,11,0
190,7.28,2,1,0,11,0
208,4.27,1,0.5,0,11,0
204,4.75,2,0.5,0,11,0
32,5.66,1,0.5,0,11,0
192,13.8,5,1,0,11,0
212,7.47,4,1,0,11,0
147,8.87,5,1,0,11,0
162,8.46,4,1,0,11,0
203,9.85,4,1,0,11,0
247,3.94,2,0.5,0,11,0
134,10.11,4,1,0,11,0
189,9.38,3,1,0,11,0
117,6.28,3,1,0,11,0
74,11.19,5,1,0,11,0
98,4.59,1,0.5,0,11,0
28,4.43,2,0.5,0,11,0
58,9.3,4,1,0,11,0
234,1.36,1,0.25,0,11,0
79,8.22,3,1,0,11,0
138,6.57,3,1,0,11,0
84,9.92,6,1,0,11,0
144,8.86,4,1,0,11,0
152,10.02,3,1,0,11,0
258,8.85,3,1,0,11,0
209,12.28,5,1,0,11,0
139,6.39,3,1,0,11,0
67,10.29,4,1,0,11,0
37,10.74,4,1,0,11,0
142,10.77,4,1,0,11,0
227,4.63,1,0.5,0,11,0
60,8.02,2,1,0,11,0
217,6.54,3,1,0,11,0
42,3.5,2,0.5,0,11,0
54,8.34,3,1,0,11,0
169,11.54,4,1,0,11,0
133,6.05,3,1,0,11,0
107,5.19,2,0.5,0,11,0
49,7.65,3,1,0,11,0
69,8.97,3,1,0,11,0
220,2.33,1,0.25,0,11,0
188,7.53,3,1,0,11,0
193,10.56,5,1,0,11,0
99,11.19,4,1,0,11,0
13,7.36,3,1,0,11,0
8,3.77,2,0.5,0,11,0
257,6.22,3,1,0,11,0
137,8.77,3,1,0,11,0
89,11.16,4,1,0,11,0
72,6.12,3,1,0,11,0
94,7.92,3,1,0,11,0
52,4.52,1,0.5,0,11,0
167,4.07,2,0.5,0,11,0
34,8.67,4,1,0,11,0
202,8.78,3,1,0,11,0
219,1.42,1,0.25,0,11,0
211,5.58,2,0.5,0,11,0
27,3.01,2,0.5,0,11,0
194,8.25,3,1,0,11,0
31,3.78,2,0.5,0,11,0
20,1.88,1,0.25,0,11,0
187,5.56,2,0.5,0,11,0
26,9.18,5,1,0,11,0
112,5.93,3,0.5,0,11,0
48,1.77,1,0.25,0,11,0
88,7.13,3,1,0,11,0
222,6.14,3,1,0,11,0
178,2.92,1,0.5,0,11,0
83,4.37,2,0.5,0,11,0
75,3.05,1,0.5,0,11,0
17,0.43,1,0.25,0,11,0
47,5.85,3,0.5,0,11,0
174,11.21,4,1,0,11,0
237,10.74,4,1,0,11,0
183,4.04,1,0.5,0,11,0
82,2.77,2,0.5,0,11,0
229,7.74,2,1,0,11,0
19,1.72,1,0.25,0,11,0
197,10.94,3,1,0,11,0
148,4.65,2,0.5,0,11,0
4,12.57,4,1,0,11,0
29,5.42,2,0.5,0,11,0
62,5.66,3,0.5,0,11,0
171,7.82,2,1,0,11,0
173,7.36,3,1,0,11,0
170,2.35,1,0.25,0,11,0
172,7.26,3,1,0,11,0
255,2.49,1,0.25,0,11,0
242,4.64,2,0.5,0,11,0
92,2.53,1,0.5,0,11,0
22,7.36,2,1,0,11,0
1,2.64,1,0.5,0,11,0
53,3.8,2,0.5,0,11,0
7,10.39,2,1,0,11,0
73,5.34,2,0.5,0,11,0
70,4.2,1,0.5,0,11,0
113,3.91,2,0.5,0,11,0
33,8.03,4,1,0,11,0
91,2.67,1,0.5,0,11,0
44,3.68,2,0.5,0,11,0
78,3.56,1,0.5,0,11,0
250,1.43,1,0.25,0,11,0
3,10.47,3,1,0,11,0
87,4.12,2,0.5,0,11,0
123,6.97,3,1,0,11,0
30,1.7,1,0.25,0,11,0
150,2.1,1,0.25,0,11,0
232,9.55,3,1,0,11,0
225,1.53,1,0.25,0,11,0
68,2.49,1,0.25,0,11,0
213,3.04,1,0.5,0,11,0
177,10.63,3,1,0,11,0
11,1.62,1,0.25,0,11,0
143,4.47,2,0.5,0,11,0
14,5.56,2,0.5,0,11,0
218,5.04,2,0.5,0,11,0
102,1.82,1,0.25,0,11,0
108,7.05,3,1,0,11,0
200,3.18,1,0.5,0,11,0
184,7.22,3,1,0,11,0
77,2.61,1,0.5,0,11,0
122,8.71,4,1,0,11,0
76,2.15,1,0.25,0,11,0
81,4.38,1,0.5,0,11,0
239,3.54,2,0.5,0,11,0
80,1.46,1,0.25,0,11,0
61,3.26,1,0.5,0,11,0
199,1.88,1,0.25,0,11,0
228,2,1,0.25,0,11,0
163,1.72,1,0.25,0,11,0
146,3.04,1,0.5,0,11,0
2,10.41,2,1,0,11,0
153,2.87,1,0.5,0,11,0
198,2.42,1,0.25,0,11,0
128,4.52,3,0.5,0,8,0
71,10.11,5,1,0,8,0
148,4.6,2,0.5,0,8,0
64,6.27,4,1,0,8,0
121,11.03,5,1,0,8,0
183,4.52,2,0.5,0,8,0
214,10.63,5,1,0,8,0
218,6.26,4,1,0,8,0
42,10.97,5,1,0,8,0
96,7.05,4,1,0,8,0
122,4.66,2,0.5,0,8,0
27,8.65,5,1,0,8,0
141,5.34,3,0.5,0,8,0
41,8.69,5,1,0,8,0
181,6.27,3,1,0,8,0
20,6.46,3,1,0,8,0
242,4.96,3,0.5,0,8,0
221,7.58,4,1,0,8,0
213,3.19,2,0.5,0,8,0
182,10.97,6,1,0,8,0
77,6.87,3,1,0,8,0
222,6.38,4,1,0,8,0
58,3.03,2,0.5,0,8,0
156,9.46,5,1,0,8,0
153,4.99,2,0.5,0,8,0
192,6.94,3,1,0,8,0
157,11.23,6,1,0,8,0
57,10.46,6,1,0,8,0
241,8.92,4,1,0,8,0
151,9.74,6,1,0,8,0
133,3.07,2,0.5,0,8,0
28,1.85,1,0.25,0,8,0
194,3.09,2,0.5,0,8,0
152,11.85,6,1,0,8,0
6,8.55,4,1,0,8,0
253,5.86,3,0.5,0,8,0
147,8.82,5,1,0,8,0
123,5.18,3,0.5,0,8,0
197,7.02,3,1,0,8,0
51,6.8,5,1,0,8,0
176,8.57,5,1,0,8,0
247,8.53,4,1,0,8,0
38,2.2,1,0.25,0,8,0
142,7.83,4,1,0,8,0
2,10.85,7,1,0,8,0
81,5.78,4,0.5,0,8,0
248,5.21,2,0.5,0,8,0
166,13.13,7,1,0,8,0
162,3.52,2,0.5,0,8,0
127,9.18,5,1,0,8,0
37,14.41,4,1,0,8,0
202,5.98,3,0.5,0,8,0
191,12.7,7,1,0,8,0
208,5.26,2,0.5,0,8,0
217,8.83,4,1,0,8,0
207,8.81,4,1,0,8,0
32,9.34,4,1,0,8,0
190,3.7,2,0.5,0,8,0
137,8.14,4,1,0,8,0
66,9.07,4,1,0,8,0
171,8.81,5,1,0,8,0
163,4.17,2,0.5,0,8,0
158,4.21,3,0.5,0,8,0
8,4.39,2,0.5,0,8,0
168,4.56,3,0.5,0,8,0
33,4.76,3,0.5,0,8,0
113,2.93,2,0.5,0,8,0
111,9.74,6,1,0,8,0
177,6.82,4,1,0,8,0
131,2.82,2,0.5,0,8,0
143,5.4,2,0.5,0,8,0
178,5.47,3,0.5,0,8,0
7,8.82,4,1,0,8,0
145,2.84,1,0.5,0,8,0
256,7.66,4,1,0,8,0
198,6.19,3,1,0,8,0
186,9.26,7,1,0,8,0
211,7.37,4,1,0,8,0
243,5.14,3,0.5,0,8,0
112,3.26,2,0.5,0,8,0
201,6.3,3,1,0,8,0
12,8.11,4,1,0,8,0
203,5.77,3,0.5,0,8,0
22,5.78,3,0.5,0,8,0
188,3.59,2,0.5,0,8,0
132,10.31,5,1,0,8,0
97,7.26,4,1,0,8,0
67,8.89,4,1,0,8,0
172,9.38,5,1,0,8,0
21,7.23,3,1,0,8,0
73,4.09,2,0.5,0,8,0
19,5.08,3,0.5,0,8,0
61,4.67,3,0.5,0,8,0
187,7.59,4,1,0,8,0
117,7.02,4,1,0,8,0
31,8.27,4,1,0,8,0
52,6.23,4,1,0,8,0
246,8.68,4,1,0,8,0
26,8.25,4,1,0,8,0
216,7.55,4,1,0,8,0
48,4.59,2,0.5,0,8,0
62,2.57,1,0.5,0,8,0
50,2.51,1,0.5,0,8,0
14,1.88,1,0.25,0,8,0
11,9.95,6,1,0,8,0
78,3.92,2,0.5,0,8,0
136,6.31,3,1,0,8,0
53,3.18,2,0.5,0,8,0
195,2.33,1,0.25,0,8,0
76,4.71,3,0.5,0,8,0
80,1.63,1,0.25,0,8,0
138,4.79,3,0.5,0,8,0
257,5.65,3,0.5,0,8,0
82,6.66,4,1,0,8,0
36,1,1,0.25,0,8,0
173,4.38,2,0.5,0,8,0
223,2.89,2,0.5,0,8,0
129,5.52,3,0.5,0,8,0
146,4.43,2,0.5,0,8,0
43,3.8,2,0.5,0,8,0
193,4.6,2,0.5,0,8,0
83,4.49,2,0.5,0,8,0
46,5.18,2,0.5,0,8,0
212,10.43,4,1,0,8,0
135,1.48,1,0.25,0,8,0
93,3.24,2,0.5,0,8,0
175,3.85,2,0.5,0,8,0
47,3.72,2,0.5,0,8,0
1,7.23,3,1,0,8,0
118,3.33,2,0.5,0,8,0
116,7.79,3,1,0,8,0
167,5.86,3,0.5,0,8,0
180,2.46,1,0.25,0,8,0
161,3.67,2,0.5,0,8,0
159,6.77,2,1,0,8,0
3,1.55,1,0.25,0,8,0
206,4.01,2,0.5,0,8,0
255,2.06,1,0.25,0,8,0
26,4.2,2,0.5,0,1,0
76,4.76,2,0.5,0,1,0
1,3.67,2,0.5,0,1,0
111,2.31,1,0.25,0,1,0
176,2.02,1,0.25,0,1,0
241,2.59,1,0.5,0,1,0
179,8.03,3,1,0,36,0
189,5.23,3,0.5,0,36,0
167,5.24,3,0.5,0,36,0
207,5.68,4,0.5,0,36,0
208,1.8,1,0.25,0,36,0
203,3.51,2,0.5,0,36,0
201,1.96,1,0.25,0,36,0
61,1.39,1,0.25,0,31,0
35,2.96,2,0.5,0,31,0
89,2.32,1,0.25,0,31,0
98,1.57,1,0.25,0,31,0
46,5.19,3,0.5,0,31,0
178,1.87,1,0.25,0,31,0
221,2.88,2,0.5,0,31,0
147,1.2,1,0.25,0,31,0
158,3.25,2,0.5,0,31,0
146,1.17,1,0.25,0,31,0
64,2.73,2,0.5,0,31,0
148,1.58,1,0.25,0,31,0
225,1.78,1,0.25,0,31,0
166,1.28,1,0.25,0,31,0
26,2.63,2,0.5,0,31,0
92,1.69,1,0.25,0,31,0
239,1.39,1,0.25,0,31,0
181,1.71,1,0.25,0,31,0
211,1.39,1,0.25,0,31,0
75,1.9,1,0.25,0,31,0
240,1.17,1,0.25,0,31,0
195,1.24,1,0.25,0,31,0
143,4.5,3,0.5,0,31,0
90,2.9,2,0.5,0,31,0
83,1.8,1,0.25,0,31,0
48,1.84,1,0.25,0,31,0
243,1.15,1,0.25,0,31,0
66,3.13,2,0.5,0,31,0
116,1.78,1,0.25,0,31,0
53,2.52,1,0.5,0,31,0
71,2.36,2,0.5,0,31,0
150,1.53,1,0.25,0,31,0
81,3.05,2,0.5,0,31,0
246,3.49,2,0.5,0,31,0
213,1.37,1,0.25,0,31,0
51,2.22,2,0.5,0,31,0
233,2.94,2,0.5,0,31,0
138,1.53,1,0.25,0,31,0
207,1.73,1,0.25,0,31,0
131,1.18,1,0.25,0,31,0
153,1.69,1,0.25,0,31,0
73,1.45,1,0.25,0,31,0
86,2.9,2,0.5,0,31,0
218,1.48,1,0.25,0,31,0
54,1.21,1,0.25,0,31,0
205,1.32,1,0.25,0,31,0
133,2.54,2,0.5,0,31,0
96,1.6,1,0.25,0,31,0
91,1.31,1,0.25,0,31,0
79,1.13,1,0.25,0,31,0
95,1.47,1,0.25,0,31,0
186,2.67,2,0.5,0,31,0
208,1.68,1,0.25,0,31,0
171,3.1,2,0.5,0,31,0
115,1.03,1,0.25,0,31,0
238,1.7,1,0.25,0,31,0
151,0.97,1,0.25,0,31,0
258,1.39,1,0.25,0,31,0
253,3.2,2,0.5,0,31,0
41,1.28,1,0.25,0,31,0
161,3.08,2,0.5,0,31,0
193,1.41,1,0.25,0,31,0
141,1.31,1,0.25,0,31,0
43,1.36,1,0.25,0,31,0
210,1.49,1,0.25,0,31,0
251,3.04,2,0.5,0,31,0
245,1.62,1,0.25,0,31,0
106,1.31,1,0.25,0,31,0
57,1.13,1,0.25,0,31,0
241,1.77,1,0.25,0,31,0
38,2.28,1,0.25,0,31,0
205,7.69,4,1,0,10,0
183,10.21,4,1,0,10,0
93,9.24,5,1,0,10,0
101,7.43,4,1,0,10,0
167,8.1,4,1,0,10,0
200,9.29,4,1,0,10,0
107,10.93,6,1,0,10,0
232,12.16,5,1,0,10,0
110,11.91,5,1,0,10,0
225,7.88,5,1,0,10,0
222,13.53,5,1,0,10,0
12,9.47,4,1,0,10,0
130,4.25,2,0.5,0,10,0
37,9.42,4,1,0,10,0
185,8.44,4,1,0,10,0
242,8.41,3,1,0,10,0
10,5.3,3,0.5,0,10,0
135,9.21,3,1,0,10,0
145,8.37,5,1,0,10,0
125,8.64,4,1,0,10,0
253,7.97,4,1,0,10,0
150,9.25,5,1,0,10,0
206,7.7,4,1,0,10,0
62,9.71,3,1,0,10,0
72,10.25,5,1,0,10,0
27,10.02,4,1,0,10,0
147,9.98,5,1,0,10,0
77,9.07,5,1,0,10,0
92,5.44,3,0.5,0,10,0
103,7.93,3,1,0,10,0
90,6.77,3,1,0,10,0
151,11.56,4,1,0,10,0
84,1.54,1,0.25,0,10,0
215,9.84,4,1,0,10,0
193,4.33,2,0.5,0,10,0
17,1.64,1,0.25,0,10,0
217,9.69,4,1,0,10,0
245,7.99,3,1,0,10,0
35,10.19,6,1,0,10,0
25,8.54,5,1,0,10,0
213,11.38,5,1,0,10,0
255,9.02,4,1,0,10,0
233,8.22,4,1,0,10,0
160,9.21,5,1,0,10,0
86,9.33,5,1,0,10,0
235,7.16,2,1,0,10,0
240,8.65,5,1,0,10,0
252,6.57,3,1,0,10,0
28,9.66,4,1,0,10,0
210,11.17,5,1,0,10,0
13,8.62,4,1,0,10,0
202,4.39,2,0.5,0,10,0
138,8.77,4,1,0,10,0
152,8.21,4,1,0,10,0
112,4.16,2,0.5,0,10,0
81,4.34,2,0.5,0,10,0
178,6.86,3,1,0,10,0
137,8.84,4,1,0,10,0
91,8.98,4,1,0,10,0
243,1.56,1,0.25,0,10,0
22,8.62,5,1,0,10,0
57,11.97,5,1,0,10,0
105,3.78,2,0.5,0,10,0
63,6.6,3,1,0,10,0
102,8.93,4,1,0,10,0
177,7.91,3,1,0,10,0
203,6.78,3,1,0,10,0
118,7.13,3,1,0,10,0
7,8.91,4,1,0,10,0
30,8.41,4,1,0,10,0
248,9.6,5,1,0,10,0
133,8.92,4,1,0,10,0
75,9.73,5,1,0,10,0
120,8.54,4,1,0,10,0
195,2.05,1,0.25,0,10,0
227,8.99,4,1,0,10,0
250,8.67,6,1,0,10,0
73,9.47,5,1,0,10,0
218,7.61,4,1,0,10,0
8,1.61,1,0.25,0,10,0
80,6.35,3,1,0,10,0
1,5.86,3,0.5,0,10,0
220,13.75,6,1,0,10,0
82,3.17,2,0.5,0,10,0
207,8.22,4,1,0,10,0
168,9.18,4,1,0,10,0
127,8.5,3,1,0,10,0
87,9.4,4,1,0,10,0
170,9.43,4,1,0,10,0
132,9.12,5,1,0,10,0
166,9.68,5,1,0,10,0
197,6.75,3,1,0,10,0
95,5.23,3,0.5,0,10,0
251,6.07,3,1,0,10,0
50,10.14,5,1,0,10,0
175,14.05,6,1,0,10,0
172,9.6,4,1,0,10,0
85,8.85,4,1,0,10,0
180,9.27,4,1,0,10,0
237,9.64,4,1,0,10,0
38,2.32,1,0.25,0,10,0
257,6.35,4,1,0,10,0
143,7.96,5,1,0,10,0
5,8.57,4,1,0,10,0
2,8.46,3,1,0,10,0
158,7.81,3,1,0,10,0
182,9.37,4,1,0,10,0
70,3.14,2,0.5,0,10,0
212,3.62,2,0.5,0,10,0
117,4.96,3,0.5,0,10,0
32,7.26,4,1,0,10,0
60,6.8,3,1,0,10,0
247,7.41,4,1,0,10,0
78,4.77,2,0.5,0,10,0
69,1.74,1,0.25,0,10,0
148,9.21,4,1,0,10,0
142,4.07,2,0.5,0,10,0
258,5.5,3,0.5,0,10,0
173,11.1,5,1,0,10,0
140,4.08,2,0.5,0,10,0
20,2.1,1,0.25,0,10,0
67,4.87,2,0.5,0,10,0
259,8.7,2,1,0,10,0
45,1.42,1,0.25,0,10,0
136,2.3,1,0.25,0,10,0
65,6.53,3,1,0,10,0
122,7.14,4,1,0,10,0
157,12.34,5,1,0,10,0
115,6.11,3,1,0,10,0
223,5.28,3,0.5,0,10,0
58,1.59,1,0.25,0,10,0
192,5.37,2,0.5,0,10,0
260,3.93,2,0.5,0,10,0
83,2.91,1,0.5,0,10,0
123,1.53,1,0.25,0,10,0
46,10.77,4,1,0,21,0
174,6.74,3,1,0,21,0
256,9.6,4,1,0,21,0
95,7.94,1,1,0,21,0
76,11.05,4,1,0,21,0
107,2.53,1,0.5,0,21,0
31,14.48,5,1,0,21,0
225,2.41,1,0.25,0,21,0
246,10.96,4,1,0,21,0
165,6.87,2,1,0,21,0
118,9.73,3,1,0,21,0
220,6.43,2,1,0,21,0
116,10.92,5,1,0,21,0
189,11.57,5,1,0,21,0
106,11.17,4,1,0,21,0
260,11.91,5,1,0,21,0
176,7.77,4,1,0,21,0
166,10.09,3,1,0,21,0
40,8.01,3,1,0,21,0
231,9.46,4,1,0,21,0
79,8.8,4,1,0,21,0
216,11.02,2,1,0,21,0
213,5.99,3,0.5,0,21,0
121,12.98,5,1,0,21,0
113,6.63,3,1,0,21,0
33,11.79,6,1,0,21,0
145,7.6,3,1,0,21,0
140,5.28,2,0.5,0,21,0
101,13.65,5,1,0,21,0
143,5.47,2,0.5,0,21,0
211,14.05,7,1,0,21,0
53,9.17,3,1,0,21,0
91,7.2,3,1,0,21,0
58,10.55,5,1,0,21,0
209,8.05,3,1,0,21,0
133,3.96,2,0.5,0,21,0
69,5.97,2,0.5,0,21,0
146,10.56,4,1,0,21,0
142,5.8,1,0.5,0,21,0
65,2.77,1,0.5,0,21,0
88,10.15,4,1,0,21,0
51,9.05,4,1,0,21,0
126,8.6,4,1,0,21,0
203,5.22,2,0.5,0,21,0
154,9.31,4,1,0,21,0
11,7.91,3,1,0,21,0
204,6.02,3,1,0,21,0
164,10.6,4,1,0,21,0
109,12.21,6,1,0,21,0
71,12.25,5,1,0,21,0
192,2.57,1,0.5,0,21,0
111,13.53,4,1,0,21,0
223,6.66,3,1,0,21,0
193,6.13,3,1,0,21,0
96,12.08,5,1,0,21,0
131,7.39,3,1,0,21,0
159,10.76,4,1,0,21,0
124,2.17,1,0.25,0,21,0
168,6.52,3,1,0,21,0
93,5.8,2,0.5,0,21,0
13,2.07,1,0.25,0,21,0
94,5.88,2,0.5,0,21,0
73,8.57,4,1,0,21,0
108,10.88,3,1,0,21,0
66,10.03,4,1,0,21,0
6,13.36,6,1,0,21,0
8,6.43,2,1,0,21,0
153,8.46,4,1,0,21,0
224,4.23,2,0.5,0,21,0
169,6.26,2,1,0,21,0
249,9.47,4,1,0,21,0
179,9.65,3,1,0,21,0
173,5.77,2,0.5,0,21,0
158,9.73,2,1,0,21,0
123,4.61,2,0.5,0,21,0
63,11.01,4,1,0,21,0
30,2.02,1,0.25,0,21,0
228,6.23,3,1,0,21,0
81,8.88,4,1,0,21,0
15,8.66,5,1,0,21,0
149,8.96,2,1,0,21,0
233,6.51,3,1,0,21,0
112,2.85,1,0.5,0,21,0
258,3.56,2,0.5,0,21,0
57,2.48,1,0.25,0,21,0
48,3.59,1,0.5,0,21,0
170,7.85,3,1,0,21,0
188,5.21,2,0.5,0,21,0
144,11.41,3,1,0,21,0
103,6.29,3,1,0,21,0
251,7.98,4,1,0,21,0
200,5.66,2,0.5,0,21,0
60,1.33,1,0.25,0,21,0
7,2.56,1,0.5,0,21,0
163,7.08,2,1,0,21,0
167,1.91,1,0.25,0,21,0
186,6.58,3,1,0,21,0
141,6.65,3,1,0,21,0
248,4.47,2,0.5,0,21,0
78,9.02,3,1,0,21,0
68,7.07,2,1,0,21,0
161,8.35,3,1,0,21,0
16,8.02,3,1,0,21,0
208,6.15,3,1,0,21,0
218,12.57,3,1,0,21,0
250,5.6,1,0.5,0,21,0
83,8.08,2,1,0,21,0
198,6.74,3,1,0,21,0
98,4.49,3,0.5,0,21,0
199,9.28,4,1,0,21,0
219,6.21,2,1,0,21,0
28,4.97,2,0.5,0,21,0
21,5.39,2,0.5,0,21,0
151,2.08,1,0.25,0,21,0
136,5.76,2,0.5,0,21,0
191,9.9,3,1,0,21,0
41,9.83,2,1,0,21,0
17,7.85,2,1,0,21,0
100,1.18,1,0.25,0,21,0
26,8.89,3,1,0,21,0
64,1.88,1,0.25,0,21,0
194,2.74,1,0.5,0,21,0
205,5.19,2,0.5,0,21,0
22,3.11,1,0.5,0,21,0
125,2.83,1,0.5,0,21,0
148,3.36,2,0.5,0,21,0
114,2.14,1,0.25,0,21,0
84,3.17,1,0.5,0,21,0
241,1.76,1,0.25,0,21,0
215,7.02,1,1,0,21,0
162,1.5,1,0.25,0,21,0
89,2.55,1,0.5,0,21,0
88,1.56,1,0.25,0,3,0
132,1.62,1,0.25,0,3,0
1,2.39,1,0.25,0,3,0
156,1.37,1,0.25,0,3,0
238,2.04,1,0.25,0,3,0
218,1.51,1,0.25,0,3,0
152,1.5,1,0.25,0,3,0
84,1.39,1,0.25,0,3,0
144,2.79,1,0.5,0,3,0
10,1.98,1,0.25,0,3,0
141,3.72,1,0.5,0,3,0
232,6.17,3,1,1,73,2
221,2.05,1,0.25,1,73,2
239,2.91,1,0.5,1,73,2
251,3.8,2,0.5,1,74,0
240,1.25,2,0.5,1,74,1
245,1.7,1,0.25,1,74,2
249,3.13,1,0.5,1,74,2
186,3.01,1,0.5,0,40,0
206,5.82,2,0.5,0,40,0
110,10.92,2,1,1,53,0
35,4.51,2,0.5,1,53,0
65,4.9,4,0.5,1,53,0
10,3.02,2,0.5,1,53,0
5,7.15,3,1,1,53,0
120,7.06,3,1,1,53,2
79,3.69,2,0.5,1,53,0
80,4.4,2,0.5,1,53,2
105,8.76,4,1,1,53,2
40,7.85,3,1,1,53,0
108,2.92,1,0.5,1,53,1
45,5.53,3,0.5,1,53,2
50,4.59,2,0.5,1,53,0
85,2.96,2,0.5,1,53,0
75,7.01,2,1,1,53,2
30,5.24,2,0.5,1,53,2
100,1.54,1,0.25,1,53,2
121,2.87,1,0.5,1,53,1
53,2.86,1,0.5,1,53,1
220,6.38,1,1,1,66,1
138,2.63,1,0.5,1,66,2
140,8.85,3,1,1,66,2
235,7.8,3,1,1,66,0
165,3.58,2,0.5,1,66,0
213,0.78,1,0.25,1,66,1
170,9.39,3,1,1,66,2
193,1.62,1,0.25,1,66,2
250,7.64,3,1,1,66,1
205,7.3,3,1,1,66,2
255,7.65,2,1,1,66,1
175,5.67,2,0.5,1,66,2
125,5.51,3,0.5,1,66,1
150,7.25,3,1,1,66,2
183,4.84,3,0.5,1,66,1
149,0.61,1,0.25,1,66,1
230,7.89,2,1,1,66,1
195,9.82,3,1,1,66,2
200,4.7,1,0.5,1,66,1
188,0.9,1,0.25,1,66,2
260,15.05,4,1,1,66,1
184,4.64,1,0.5,1,66,1
145,3.57,1,0.5,1,66,2
144,2.78,1,0.5,1,66,2
245,3.01,1,0.5,1,66,1
254,2.28,1,0.25,1,66,2
219,3.73,1,0.5,1,66,1
104,9.18,2,1,1,44,1
2,9.11,2,1,1,44,1
70,9.07,2,1,1,44,1
40,9.06,2,1,1,44,1
172,8.01,2,1,1,44,1
129,6.49,2,1,1,44,1
39,8.28,2,1,1,44,1
52,8.34,2,1,1,44,1
229,3.92,2,0.5,1,44,1
142,3.59,2,0.5,1,44,1
186,9.3,2,1,1,44,1
222,9.45,2,1,1,44,1
125,7.82,2,1,1,44,1
245,7.87,2,1,1,44,1
100,8.08,2,1,1,44,1
235,5.89,2,0.5,1,44,1
15,8.99,2,1,1,44,1
51,9.63,2,1,1,44,1
72,7.73,2,1,1,44,1
62,8.94,2,1,1,44,1
24,4.92,1,0.5,1,44,1
137,8.46,2,1,1,44,1
185,9.07,2,1,1,44,1
106,10.6,2,1,1,44,1
134,6.03,1,1,1,44,1
246,7.8,2,1,1,44,1
230,8.17,2,1,1,44,1
21,10.74,2,1,1,44,1
191,6.67,2,1,1,44,1
144,9.25,2,1,1,44,1
170,10.11,2,1,1,44,1
207,8.33,2,1,1,44,1
99,6.16,2,1,1,44,1
237,7.01,2,1,1,44,1
201,8.79,2,1,1,44,1
169,7.63,2,1,1,44,1
45,10.63,3,1,1,44,1
35,9.36,2,1,1,44,1
31,8.97,2,1,1,44,1
135,9.7,2,1,1,44,1
131,6.07,2,1,1,44,1
171,10.16,2,1,1,44,1
159,8.05,2,1,1,44,1
160,8.55,2,1,1,44,1
84,9.84,2,1,1,44,1
217,8.24,2,1,1,44,1
44,9.38,2,1,1,44,1
232,8.54,2,1,1,44,1
200,7.93,2,1,1,44,1
32,11.55,2,1,1,44,1
14,8.43,2,1,1,44,1
116,10.14,2,1,1,44,1
55,8.47,2,1,1,44,1
90,9.05,2,1,1,44,1
91,4.55,1,0.5,1,44,1
92,6.37,2,1,1,44,1
42,9.62,2,1,1,44,1
141,9.91,2,1,1,44,1
164,6.71,2,1,1,44,1
71,8.52,2,1,1,44,1
195,7.75,2,1,1,44,1
139,7.29,2,1,1,44,1
47,10.16,2,1,1,44,1
127,8.82,2,1,1,44,1
97,8.57,2,1,1,44,1
37,8.86,1,1,1,44,1
57,9,2,1,1,44,1
231,6.36,2,1,1,44,1
154,8.56,2,1,1,44,1
136,8.63,2,1,1,44,1
181,9.35,2,1,1,44,1
189,6.3,2,1,1,44,1
79,9.15,3,1,1,44,1
67,9.21,2,1,1,44,1
110,8.51,2,1,1,44,1
82,9.6,2,1,1,44,1
124,7.19,2,1,1,44,1
254,7.76,2,1,1,44,1
107,9.43,2,1,1,44,1
46,8.43,2,1,1,44,1
61,6.04,2,1,1,44,1
215,8.18,2,1,1,44,1
130,7.66,2,1,1,44,1
7,8.22,2,1,1,44,1
247,8.04,2,1,1,44,1
157,8.67,2,1,1,44,1
105,10.34,2,1,1,44,1
50,9.6,2,1,1,44,1
86,8.73,2,1,1,44,1
227,6.17,2,1,1,44,1
192,6.56,2,1,1,44,1
161,8.46,2,1,1,44,1
109,8.35,2,1,1,44,1
252,18.38,3,1,1,44,1
255,9.08,2,1,1,44,1
209,8.34,2,1,1,44,1
11,10.09,2,1,1,44,1
132,9.2,2,1,1,44,1
119,4.21,1,0.5,1,44,1
41,7.59,2,1,1,44,1
214,7.07,2,1,1,44,1
12,12.28,2,1,1,44,1
49,8.18,2,1,1,44,1
184,0.93,1,0.25,1,44,2
34,6.95,2,1,1,44,1
225,8.01,2,1,1,44,1
212,9.15,2,1,1,44,1
152,7.18,2,1,1,44,1
4,4.5,1,0.5,1,44,1
101,7.59,2,1,1,44,1
190,5.77,2,0.5,1,44,1
66,4.67,2,0.5,1,44,1
194,8.82,2,1,1,44,1
187,7.99,2,1,1,44,1
257,7.11,2,1,1,44,1
6,6.86,2,1,1,44,1
25,13.64,2,1,1,44,1
1,6.3,2,1,1,44,1
241,8.85,2,1,1,44,1
69,8.46,2,1,1,44,1
121,9.14,2,1,1,44,1
219,4.82,1,0.5,1,44,1
242,6.72,2,1,1,44,1
22,6.83,1,1,1,44,1
250,4.01,1,0.5,1,44,1
140,8.22,2,1,1,44,1
133,7.33,1,1,1,44,1
166,8.84,2,1,1,44,1
182,8.32,2,1,1,44,1
256,4.88,2,0.5,1,44,1
244,3.7,1,0.5,1,44,1
197,8.62,2,1,1,44,1
81,9.69,2,1,1,44,1
234,6.44,2,1,1,44,1
120,3.67,2,0.5,1,44,1
54,8.64,2,1,1,44,1
102,6.43,2,1,1,44,1
89,6.72,2,1,1,44,1
199,3.9,1,0.5,1,44,1
80,5.32,1,0.5,1,44,1
221,8.25,2,1,1,44,1
167,6.08,2,1,1,44,1
145,9.88,2,1,1,44,1
216,7.91,2,1,1,44,1
249,6.07,2,1,1,44,1
122,7.88,2,1,1,44,1
260,7.97,2,1,1,44,1
165,9.17,2,1,1,44,1
224,6.64,2,1,1,44,1
156,7.24,2,1,1,44,1
10,8.75,2,1,1,44,1
146,8.97,2,1,1,44,1
9,4.58,1,0.5,1,44,1
236,8.09,2,1,1,44,1
211,4.6,1,0.5,1,44,1
206,3.86,1,0.5,1,44,1
117,3.68,1,0.5,1,44,1
162,4.71,1,0.5,1,44,1
85,4.36,1,0.5,1,44,1
111,11.28,5,1,0,22,0
46,7.93,4,1,0,22,0
51,9,4,1,0,22,0
194,5.28,3,0.5,0,22,0
221,7.64,3,1,0,22,0
246,6.98,3,1,0,22,0
186,12.29,5,1,0,22,0
151,8.79,4,1,0,22,0
199,8.28,4,1,0,22,0
6,9.16,4,1,0,22,0
256,8.3,2,1,0,22,0
116,6.71,3,1,0,22,0
231,10.42,5,1,0,22,0
149,10.5,4,1,0,22,0
39,6.94,4,1,0,22,0
89,6.66,2,1,0,22,0
201,9.46,4,1,0,22,0
156,11.1,4,1,0,22,0
189,6.43,3,1,0,22,0
41,6.67,3,1,0,22,0
131,7.67,4,1,0,22,0
141,6.51,3,1,0,22,0
236,9.28,4,1,0,22,0
38,11.27,5,1,0,22,0
211,6.52,3,1,0,22,0
216,5.17,3,0.5,0,22,0
161,6.4,3,1,0,22,0
106,7.03,4,1,0,22,0
96,7.29,3,1,0,22,0
11,5.78,3,0.5,0,22,0
181,4.14,2,0.5,0,22,0
121,12.12,6,1,0,22,0
241,12.92,4,1,0,22,0
16,10.65,5,1,0,22,0
136,2.69,2,0.5,0,22,0
146,12.15,5,1,0,22,0
183,1.86,1,0.25,0,22,0
98,3.22,1,0.5,0,22,0
105,1.63,1,0.25,0,22,0
4,5.41,2,0.5,1,47,1
123,8.52,3,1,1,47,2
57,7.78,3,1,1,47,1
98,5.66,2,0.5,1,47,1
139,7.88,2,1,1,47,1
106,3.35,1,0.5,1,47,1
27,5.43,3,0.5,1,47,2
137,5.22,3,0.5,1,47,1
9,6.97,2,1,1,47,1
81,7.41,2,1,1,47,1
148,6.64,2,1,1,47,1
43,6.45,2,1,1,47,1
219,3.72,1,0.5,1,47,1
49,7.05,3,1,1,47,1
128,4.76,3,0.5,1,47,1
109,12.02,3,1,1,47,2
76,3.76,1,0.5,1,47,1
86,2.31,1,0.25,1,47,2
107,3.7,2,0.5,1,47,2
203,4.64,2,0.5,1,47,2
228,15.4,3,1,1,47,1
79,6.98,2,1,1,47,1
218,6.4,2,1,1,47,1
147,3.46,1,0.5,1,47,1
13,7.11,3,1,1,47,2
237,8.63,2,1,1,47,1
89,2.72,1,0.5,1,47,2
129,5.79,4,0.5,1,47,1
173,3.09,1,0.5,1,47,1
118,3.85,2,0.5,1,47,2
252,4.94,2,0.5,1,47,1
229,1.99,1,0.25,1,47,2
234,5.65,2,0.5,1,47,1
42,3.85,2,0.5,1,47,1
119,9.48,3,1,1,47,1
214,3.78,1,0.5,1,47,1
163,7.1,2,1,1,47,1
52,9.58,1,1,1,47,1
134,7.99,3,1,1,47,1
216,2.2,1,0.25,1,47,1
29,3.68,1,0.5,1,47,1
153,5.89,2,0.5,1,47,1
257,6.22,2,1,1,47,2
47,3.97,2,0.5,1,47,2
213,17.96,3,1,1,47,1
249,3.22,1,0.5,1,47,1
73,8.05,2,1,1,47,1
117,2.94,1,0.5,1,47,1
82,3.95,2,0.5,1,47,2
176,6.18,2,1,1,47,1
143,4.57,2,0.5,1,47,2
154,5.81,3,0.5,1,47,1
142,2.93,1,0.5,1,47,1
103,5.08,2,0.5,1,47,2
39,5.96,2,0.5,1,47,1
92,6.41,4,1,1,47,1
94,3.54,1,0.5,1,47,1
223,8.66,3,1,1,47,1
51,6.8,3,1,1,47,2
74,8.06,2,1,1,47,1
63,10.23,5,1,1,47,2
162,4.59,2,0.5,1,47,2
239,10.85,2,1,1,47,1
24,5.35,2,0.5,1,47,1
12,2.4,1,0.25,1,47,2
72,3.5,2,0.5,1,47,2
68,6.92,3,1,1,47,2
254,6.13,3,1,1,47,1
199,9.75,3,1,1,47,1
212,3.85,2,0.5,1,47,1
157,4.36,2,0.5,1,47,2
84,2.8,2,0.5,1,47,1
152,2.08,2,0.5,1,47,1
48,5.64,3,0.5,1,47,2
116,4.84,2,0.5,1,47,2
38,9.38,4,1,1,47,1
178,5.62,2,0.5,1,47,1
26,3.6,1,0.5,1,47,1
97,4.14,1,0.5,1,47,1
177,5.42,2,0.5,1,47,1
132,4.13,2,0.5,1,47,2
164,5.73,2,0.5,1,47,1
167,3.34,2,0.5,1,47,1
108,5.53,3,0.5,1,47,1
174,7.73,2,1,1,47,1
221,1.93,1,0.25,1,47,2
248,5.53,3,0.5,1,47,1
197,5.1,2,0.5,1,47,2
251,1.94,1,0.25,1,47,1
138,4.73,2,0.5,1,47,2
253,9.55,1,1,1,47,1
238,10.11,2,1,1,47,2
99,2.2,1,0.25,1,47,2
34,1.95,1,0.25,1,47,2
31,3.79,2,0.5,1,47,2
19,1.81,1,0.25,1,47,2
2,3.69,2,0.5,1,47,1
69,5.82,3,0.5,1,47,2
204,4.96,2,0.5,1,47,2
44,6.2,3,1,1,47,1
171,2.2,1,0.25,1,47,2
247,2.19,1,0.25,1,47,2
14,4.65,2,0.5,1,47,1
88,4.37,2,0.5,1,47,2
161,4.08,2,0.5,1,47,1
41,5.03,2,0.5,1,47,2
37,4.48,2,0.5,1,47,2
7,4.61,1,0.5,1,47,1
77,2.03,1,0.25,1,47,2
222,8.34,2,1,1,47,2
227,9.39,5,1,1,47,1
224,4.04,2,0.5,1,47,2
202,5.81,2,0.5,1,47,2
232,7.17,2,1,1,47,2
59,5.86,2,0.5,1,47,1
61,1.8,1,0.25,1,47,2
217,9.4,4,1,1,47,1
231,3.55,1,0.5,1,47,2
16,2.54,1,0.5,1,47,2
127,2.42,1,0.25,1,47,2
8,5.43,2,0.5,1,47,2
93,2.19,2,0.5,1,47,1
58,3.55,1,0.5,1,47,1
28,5.05,2,0.5,1,47,2
233,4.45,2,0.5,1,47,2
144,4.91,3,0.5,1,47,2
21,3.38,2,0.5,1,47,2
3,6.03,3,1,1,47,1
131,2.19,1,0.25,1,47,2
256,1.82,1,0.25,1,47,2
179,1.07,1,0.25,1,47,2
83,2.51,1,0.5,1,47,2
96,2.71,1,0.5,1,47,2
6,4.28,2,0.5,1,47,1
198,2.32,1,0.25,1,47,2
124,2.29,1,0.25,1,47,2
33,2.74,1,0.5,1,47,2
133,1.9,1,0.25,1,47,2
87,2.27,1,0.25,1,47,2
206,2.21,1,0.25,1,47,2
53,5.25,2,0.5,1,47,1
258,2.63,1,0.5,1,47,2
158,1.52,1,0.25,1,47,2
11,1.04,1,0.25,1,47,1
69,14.24,6,1,0,6,0
204,13.67,5,1,0,6,0
156,4.56,2,0.5,0,6,0
174,7.39,5,1,0,6,0
224,14.28,5,1,0,6,0
16,6.58,4,1,0,6,0
184,10.6,5,1,0,6,0
211,8.74,3,1,0,6,0
154,9.92,5,1,0,6,0
94,7.47,3,1,0,6,0
14,3.92,2,0.5,0,6,0
164,9.26,4,1,0,6,0
79,8.79,5,1,0,6,0
76,6.93,4,1,0,6,0
161,3.65,2,0.5,0,6,0
31,12.09,6,1,0,6,0
44,6.23,4,1,0,6,0
181,5.02,3,0.5,0,6,0
221,3.86,2,0.5,0,6,0
81,9.77,5,1,0,6,0
145,8.21,4,1,0,6,0
49,11.26,6,1,0,6,0
99,10.21,6,1,0,6,0
106,7.33,3,1,0,6,0
229,9.53,5,1,0,6,0
84,8.61,4,1,0,6,0
187,8.8,3,1,0,6,0
254,10.12,5,1,0,6,0
236,5.67,2,0.5,0,6,0
114,6.41,3,1,0,6,0
249,10.11,6,1,0,6,0
209,8.47,4,1,0,6,0
149,9.66,4,1,0,6,0
96,5.5,3,0.5,0,6,0
86,8.93,4,1,0,6,0
34,9.4,5,1,0,6,0
9,8,4,1,0,6,0
169,9.99,5,1,0,6,0
251,6.89,3,1,0,6,0
74,9.02,5,1,0,6,0
80,1.73,1,0.25,0,6,0
216,4.49,2,0.5,0,6,0
4,9.89,5,1,0,6,0
189,7.88,4,1,0,6,0
1,4.65,2,0.5,0,6,0
234,6.73,4,1,0,6,0
54,5.9,3,0.5,0,6,0
231,8.58,4,1,0,6,0
219,10.39,5,1,0,6,0
101,7.08,3,1,0,6,0
39,9.18,5,1,0,6,0
179,6.43,3,1,0,6,0
139,4.55,2,0.5,0,6,0
40,1.55,1,0.25,0,6,0
71,5.93,2,0.5,0,6,0
119,12.45,5,1,0,6,0
241,4.18,2,0.5,0,6,0
59,9.52,4,1,0,6,0
64,4.2,3,0.5,0,6,0
66,5.14,2,0.5,0,6,0
77,1.43,1,0.25,0,6,0
146,1.65,1,0.25,0,6,0
256,4.24,2,0.5,0,6,0
37,1.62,1,0.25,0,6,0
51,5.79,3,0.5,0,6,0
244,9.86,5,1,0,6,0
134,12.96,4,1,0,6,0
255,3.75,2,0.5,0,6,0
6,4.62,2,0.5,0,6,0
89,5.61,3,0.5,0,6,0
109,11.56,6,1,0,6,0
239,13.91,5,1,0,6,0
24,2.47,1,0.25,0,6,0
17,1.95,1,0.25,0,6,0
41,3.76,1,0.5,0,6,0
202,1.61,1,0.25,0,6,0
176,2.86,1,0.5,0,6,0
136,4.26,1,0.5,0,6,0
104,5.1,3,0.5,0,6,0
144,12.24,6,1,0,6,0
46,4.39,2,0.5,0,6,0
91,3.85,1,0.5,0,6,0
29,7.51,4,1,0,6,0
61,3.09,1,0.5,0,6,0
186,4.1,1,0.5,0,6,0
25,1.76,1,0.25,0,6,0
159,8.76,3,1,0,6,0
175,1.83,1,0.25,0,6,0
206,8,2,1,0,6,0
141,1.42,1,0.25,0,6,0
11,5.55,3,0.5,0,6,0
92,2.61,1,0.5,0,6,0
116,3.67,1,0.5,0,6,0
185,9.25,3,1,0,6,0
245,1.81,1,0.25,0,6,0
12,1.48,1,0.25,0,6,0
171,2.25,1,0.25,0,6,0
42,1.34,1,0.25,0,6,0
87,2.3,1,0.25,0,33,0
76,6.26,3,1,1,41,2
81,5.6,2,0.5,1,41,1
61,6.29,2,1,1,41,1
241,9.54,3,1,1,41,2
46,7.83,4,1,1,41,2
141,7.06,4,1,1,41,1
256,5.88,4,0.5,1,41,2
1,6.46,4,1,1,41,1
96,8.28,3,1,1,41,1
146,2.91,2,0.5,1,41,1
41,6.92,4,1,1,41,1
11,6.28,3,1,1,41,1
136,7.54,3,1,1,41,1
91,4.4,2,0.5,1,41,2
51,5.46,4,0.5,1,41,2
236,4.29,2,0.5,1,41,2
191,14.23,4,1,1,41,1
166,6.49,4,1,1,41,1
186,5.96,4,0.5,1,41,1
26,1.52,1,0.25,1,41,2
98,3.96,1,0.5,1,41,1
66,4,2,0.5,1,41,2
31,1.13,1,0.25,1,41,2
71,5.37,2,0.5,1,41,2
246,6.66,4,1,1,41,1
21,6.32,2,1,1,41,1
161,5.71,3,0.5,1,41,1
156,3.84,2,0.5,1,41,2
216,5.17,2,0.5,1,41,2
176,4.69,3,0.5,1,41,2
116,6.09,3,1,1,41,2
206,1.41,1,0.25,1,41,2
101,3.39,1,0.5,1,41,1
86,3,1,0.5,1,41,2
211,1.27,1,0.25,1,41,2
121,6.48,2,1,1,41,1
201,5.66,3,0.5,1,41,2
106,9.08,3,1,1,41,1
131,3.8,2,0.5,1,41,2
111,2.03,1,0.25,1,41,2
151,3.39,1,0.5,1,41,2
181,2.67,2,0.5,1,41,1
220,2.95,1,0.5,1,41,1
35,4.45,2,0.5,1,52,1
120,4.61,2,0.5,1,52,1
235,5.82,2,0.5,1,52,2
225,8.2,4,1,1,52,2
145,4.59,2,0.5,1,52,1
50,6.47,2,1,1,52,2
165,1.65,1,0.25,1,52,2
5,9.52,3,1,1,52,2
96,1.04,1,0.25,1,52,2
210,2.93,1,0.5,1,52,1
255,4.77,3,0.5,1,52,1
65,3.89,2,0.5,1,52,2
105,2.48,1,0.25,1,52,2
40,4.95,3,0.5,1,52,2
102,2.13,1,0.25,1,52,2
160,7.03,2,1,1,52,1
190,3.28,2,0.5,1,52,2
95,9.46,3,1,1,52,2
205,4.62,2,0.5,1,52,2
150,3.84,2,0.5,1,52,2
75,7.04,2,1,1,52,1
185,4.33,2,0.5,1,52,2
60,3.21,2,0.5,1,52,2
90,3.99,2,0.5,1,52,2
6,2.6,1,0.5,1,52,2
230,5.07,3,0.5,1,52,1
200,5.43,2,0.5,1,52,2
110,4.93,2,0.5,1,52,2
15,1.72,1,0.25,1,52,2
45,4.16,2,0.5,1,52,2
70,2.03,1,0.25,1,52,2
55,4.01,2,0.5,1,52,1
130,1.68,1,0.25,1,52,1
20,1.64,1,0.25,1,52,2
250,2.25,1,0.25,1,52,1
240,2.59,1,0.5,1,52,1
253,7.88,4,1,1,50,2
63,5.6,2,0.5,1,50,0
213,10.76,3,1,1,50,2
88,4.6,2,0.5,1,50,0
238,3.68,1,0.5,1,50,1
191,6.93,2,1,1,50,2
103,2.31,1,0.25,1,50,2
98,3.8,2,0.5,1,50,2
20,5.27,1,0.5,1,50,1
177,4.32,1,0.5,1,50,1
138,2.3,1,0.25,1,50,2
171,5.48,2,0.5,1,50,2
153,2.23,1,0.25,1,50,2
175,7.25,3,1,1,50,2
38,2.48,1,0.25,1,50,2
33,5.56,3,0.5,1,50,0
234,4.76,2,0.5,1,50,2
112,4.77,2,0.5,1,50,2
68,6.5,4,1,1,50,0
50,2.2,1,0.25,1,50,2
243,6.86,3,1,1,50,0
72,1.92,1,0.25,1,50,2
151,2.18,1,0.25,1,50,2
163,2.79,1,0.5,1,50,2
211,2.86,1,0.5,1,50,2
147,3.97,2,0.5,1,50,2
48,1.9,1,0.25,1,50,2
173,5.45,4,0.5,1,50,0
15,5.14,2,0.5,1,50,2
133,4.39,2,0.5,1,50,2
178,1.38,1,0.25,1,50,2
76,5.48,3,0.5,1,50,0
251,1.63,1,0.25,1,50,2
22,5.61,2,0.5,1,50,2
198,2.41,1,0.25,1,50,2
73,7.69,3,1,1,50,0
25,8.1,2,1,1,50,2
96,4.14,2,0.5,1,50,0
93,1.72,1,0.25,1,50,2
119,2.6,1,0.5,1,50,1
64,1.11,1,0.25,1,50,1
114,2.14,1,0.25,1,50,2
28,2,1,0.25,1,50,2
27,2.21,1,0.25,1,50,2
172,1.47,1,0.25,1,50,2
78,5.36,2,0.5,1,50,2
182,4.79,3,0.5,1,50,0
128,2.04,1,0.25,1,50,1
248,16.53,4,1,1,50,2
43,7.4,3,1,1,50,2
108,4.31,1,0.5,1,50,1
233,6.62,1,1,1,50,1
134,1.23,1,0.25,1,50,2
223,3.44,2,0.5,1,50,2
113,2.8,1,0.5,1,50,2
143,7.88,2,1,1,50,0
168,3.5,2,0.5,1,50,2
83,3.42,1,0.5,1,50,1
53,4.87,2,0.5,1,50,2
236,1.9,2,0.5,1,50,0
237,9.38,3,1,1,50,0
257,1.5,1,0.25,1,50,2
179,1.86,1,0.25,1,50,2
202,0.65,1,0.25,1,50,1
115,1.76,1,0.25,1,50,2
100,2.5,1,0.5,1,50,2
121,2.61,1,0.5,1,50,2
158,0.19,1,0.25,1,50,1
58,4.44,2,0.5,1,50,2
192,3.71,2,0.5,1,50,2
228,10.98,3,1,1,50,2
231,2.05,1,0.25,1,50,2
218,1.88,1,0.25,1,50,2
101,2.54,1,0.5,1,50,2
193,2.33,1,0.25,1,50,2
3,7.73,2,1,1,50,0
118,4.99,2,0.5,1,50,2
203,2.1,1,0.25,1,50,2
258,3.49,1,0.5,1,50,1
13,2.13,1,0.25,1,50,2
216,1.58,1,0.25,1,50,1
104,1.73,1,0.25,1,50,2
38,2.54,1,0.5,1,48,2
248,2.37,2,0.5,0,9,0
146,3.68,3,0.5,0,9,0
11,5.8,4,0.5,0,9,0
231,2.47,2,0.5,0,9,0
26,2.52,2,0.5,0,9,0
5,4.73,3,0.5,0,9,0
206,4.93,3,0.5,0,9,0
101,3.65,3,0.5,0,9,0
215,1.76,1,0.25,0,9,0
46,1.29,1,0.25,0,9,0
153,2.83,2,0.5,0,9,0
4,1.07,1,0.25,0,9,0
150,2.87,1,0.5,0,9,0
6,5.5,4,0.5,0,9,0
211,1.92,1,0.25,0,9,0
88,2.53,2,0.5,0,9,0
78,1.47,1,0.25,0,9,0
76,2.95,2,0.5,0,9,0
136,2.73,3,0.5,0,9,0
186,1.15,1,0.25,0,9,0
73,1,1,0.25,0,9,0
138,2.19,2,0.5,0,9,0
246,3.98,3,0.5,0,9,0
63,3.5,2,0.5,0,9,0
191,4.13,4,0.5,0,9,0
91,1.07,1,0.25,0,9,0
115,1.39,1,0.25,0,9,0
81,2.41,2,0.5,0,9,0
127,1.13,1,0.25,0,9,0
176,5.21,4,0.5,0,9,0
35,1.46,1,0.25,0,9,0
61,4.01,3,0.5,0,9,0
213,4.61,2,0.5,0,9,0
1,4.57,4,0.5,0,9,0
208,5.3,4,0.5,0,9,0
102,1.98,1,0.25,0,9,0
31,4.79,4,0.5,0,9,0
204,3.14,2,0.5,0,9,0
68,2.61,2,0.5,0,9,0
43,2.71,2,0.5,0,9,0
66,3.36,2,0.5,0,9,0
156,4.68,4,0.5,0,9,0
3,2.75,2,0.5,0,9,0
118,1.31,1,0.25,0,9,0
198,4.69,3,0.5,0,9,0
65,3.29,2,0.5,0,9,0
256,4.01,3,0.5,0,9,0
85,2.64,2,0.5,0,9,0
221,2.64,2,0.5,0,9,0
253,3.18,2,0.5,0,9,0
241,1.97,2,0.5,0,9,0
10,1.24,1,0.25,0,9,0
228,2.64,2,0.5,0,9,0
116,1.99,1,0.25,0,9,0
141,4.97,4,0.5,0,9,0
249,1.2,1,0.25,0,9,0
96,3.38,3,0.5,0,9,0
25,3.26,2,0.5,0,9,0
51,1.57,2,0.5,0,9,0
217,1.61,1,0.25,0,9,0
97,1.29,1,0.25,0,9,0
131,1.9,2,0.5,0,9,0
164,1.49,1,0.25,0,9,0
243,1.5,1,0.25,0,9,0
125,1.86,1,0.25,0,9,0
151,1.46,1,0.25,0,9,0
223,0.8,1,0.25,0,9,0
161,2.69,2,0.5,0,9,0
49,1.21,1,0.25,0,9,0
188,1.54,1,0.25,0,9,0
201,2.8,2,0.5,0,9,0
111,2.46,2,0.5,0,9,0
106,2.1,2,0.5,0,9,0
120,0.77,1,0.25,0,9,0
195,1.22,1,0.25,0,9,0
244,1.14,1,0.25,0,9,0
181,1.58,1,0.25,0,9,0
41,3.3,2,0.5,0,9,0
86,1.13,1,0.25,0,9,0
55,1.42,1,0.25,0,9,0
216,1.22,1,0.25,0,9,0
193,1.3,1,0.25,0,9,0
79,1.37,1,0.25,0,9,0
163,1.62,1,0.25,0,9,0
176,2.8,1,0.5,0,24,0
175,4.05,2,0.5,0,24,0
170,4.62,2,0.5,0,24,0
65,3.53,2,0.5,0,24,0
205,2.42,1,0.25,0,24,0
50,1.81,1,0.25,0,24,0
10,3.12,2,0.5,0,24,0
215,3.04,1,0.5,0,24,0
130,3.94,1,0.5,0,24,0
260,1.71,1,0.25,0,24,0
35,1.82,1,0.25,0,24,0
125,2.04,1,0.25,0,24,0
95,4.75,2,0.5,0,24,0
70,1.39,1,0.25,0,24,0
185,1.56,1,0.25,0,24,0
245,2.97,2,0.5,0,24,0
250,1.55,1,0.25,0,24,0
212,7.88,3,1,0,14,0
68,2.19,2,0.5,0,14,0
42,5.33,2,0.5,0,14,0
13,3.67,2,0.5,0,14,0
27,10.57,3,1,0,14,0
132,8.76,4,1,0,14,0
37,1.62,1,0.25,0,14,0
182,8.18,3,1,0,14,0
142,5.26,2,0.5,0,14,0
177,7.01,3,1,0,14,0
98,2.28,1,0.25,0,14,0
64,2.65,1,0.5,0,14,0
52,6.28,2,1,0,14,0
62,2.86,1,0.5,0,14,0
207,8.77,3,1,0,14,0
217,4.32,2,0.5,0,14,0
152,4.58,2,0.5,0,14,0
112,3.03,1,0.5,0,14,0
172,8.13,3,1,0,14,0
77,6.29,2,1,0,14,0
122,10.95,5,1,0,14,0
248,3.11,1,0.5,0,14,0
192,5.66,2,0.5,0,14,0
157,3.37,2,0.5,0,14,0
202,7.71,3,1,0,14,0
222,10.61,3,1,0,14,0
12,9.38,2,1,0,14,0
214,3.01,1,0.5,0,14,0
92,7.76,3,1,0,14,0
252,4.75,2,0.5,0,14,0
187,9.19,2,1,0,14,0
83,2.95,1,0.5,0,14,0
7,11.34,4,1,0,14,0
147,8.43,3,1,0,14,0
72,4.71,1,0.5,0,14,0
57,2.02,1,0.25,0,14,0
234,1.7,1,0.25,0,14,0
97,9.26,3,1,0,14,0
8,8.64,2,1,0,14,0
28,3.24,1,0.5,0,14,0
82,4.5,2,0.5,0,14,0
32,4.76,2,0.5,0,14,0
47,3.24,1,0.5,0,14,0
88,1.51,1,0.25,0,14,0
247,4.38,2,0.5,0,14,0
2,3.75,2,0.5,0,14,0
102,6.54,3,1,0,14,0
58,4.53,1,0.5,0,14,0
118,3.36,2,0.5,0,14,0
194,2.98,1,0.5,0,14,0
257,3.98,1,0.5,0,14,0
232,3.42,1,0.5,0,14,0
199,2.64,1,0.5,0,14,0
84,1.87,1,0.25,0,14,0
134,1.87,1,0.25,0,14,0
117,2.72,1,0.5,0,14,0
87,4.09,2,0.5,0,14,0
137,8.45,3,1,0,14,0
238,1.6,1,0.25,0,14,0
24,5.22,2,0.5,0,14,0
237,6.36,3,1,0,14,0
183,2.9,1,0.5,0,14,0
15,10.98,5,1,0,12,0
130,7.9,3,1,0,12,0
163,11.7,4,1,0,12,0
5,11.78,4,1,0,12,0
238,5.26,3,0.5,0,12,0
70,3.03,1,0.5,0,12,0
30,4.55,2,0.5,0,12,0
55,4.86,3,0.5,0,12,0
118,4.78,1,0.5,0,12,0
218,7.92,3,1,0,12,0
93,7.7,1,1,0,12,0
148,8.05,4,1,0,12,0
120,10.11,5,1,0,12,0
50,6.81,4,1,0,12,0
2,8.62,4,1,0,12,0
80,6.1,3,1,0,12,0
8,8.66,4,1,0,12,0
33,8.3,2,1,0,12,0
134,4.08,2,0.5,0,12,0
44,8.75,1,1,0,12,0
35,10.44,4,1,0,12,0
243,8.89,5,1,0,12,0
228,8.92,5,1,0,12,0
170,11.14,3,1,0,12,0
98,5.03,2,0.5,0,12,0
75,9.03,4,1,0,12,0
150,7.15,2,1,0,12,0
100,8.83,2,1,0,12,0
165,11.39,5,1,0,12,0
185,1.46,1,0.25,0,12,0
136,4.27,2,0.5,0,12,0
88,7.42,4,1,0,12,0
85,7.58,3,1,0,12,0
168,1.49,1,0.25,0,12,0
153,4.18,2,0.5,0,12,0
161,7.44,4,1,0,12,0
95,3.67,2,0.5,0,12,0
214,5.51,3,0.5,0,12,0
125,3.32,2,0.5,0,12,0
151,3.72,2,0.5,0,12,0
25,5.86,2,0.5,0,12,0
255,3.57,2,0.5,0,12,0
45,6.03,2,1,0,12,0
127,9.13,2,1,0,12,0
113,6.74,4,1,0,12,0
145,3.87,2,0.5,0,12,0
198,4.79,1,0.5,0,12,0
233,4.88,1,0.5,0,12,0
65,12.29,1,1,0,12,0
3,5.66,2,0.5,0,12,0
128,7.65,3,1,0,12,0
108,3.08,2,0.5,0,12,0
205,3.89,2,0.5,0,12,0
220,4.33,2,0.5,0,12,0
183,7.31,2,1,0,12,0
258,8.48,3,1,0,12,0
209,3.24,1,0.5,0,12,0
78,5.64,3,0.5,0,12,0
79,3.29,2,0.5,0,12,0
156,1.66,1,0.25,0,12,0
68,8.49,2,1,0,12,0
135,4.84,1,0.5,0,12,0
175,4.85,3,0.5,0,12,0
10,7.2,1,1,0,12,0
254,5.56,2,0.5,0,12,0
230,1.39,1,0.25,0,12,0
110,10.55,5,1,0,12,0
248,3.81,2,0.5,0,12,0
245,8.65,3,1,0,12,0
139,5.11,1,0.5,0,12,0
46,1.77,1,0.25,0,12,0
246,4.68,3,0.5,0,12,0
123,3.15,1,0.5,0,12,0
117,1.23,1,0.25,0,12,0
21,1.51,1,0.25,0,12,0
200,2.13,1,0.25,0,12,0
158,3.74,1,0.5,0,12,0
201,3.28,2,0.5,0,12,0
13,6.92,2,1,0,12,0
178,5.82,2,0.5,0,12,0
52,4.54,2,0.5,0,12,0
180,9.76,3,1,0,12,0
173,1.71,1,0.25,0,12,0
174,4.22,1,0.5,0,12,0
72,2.04,1,0.25,0,12,0
43,1.42,1,0.25,0,12,0
250,6.19,1,1,0,12,0
223,5.95,1,0.5,0,12,0
253,1.65,1,0.25,0,12,0
140,4.93,1,0.5,0,12,0
240,4.15,1,0.5,0,12,0
128,5.31,3,0.5,0,28,0
105,8.7,3,1,0,28,0
133,1.98,1,0.25,0,28,0
100,6.7,4,1,0,28,0
103,13.97,6,1,0,28,0
124,10.26,5,1,0,28,0
145,6.97,3,1,0,28,0
21,2.19,1,0.25,0,28,0
72,4.96,3,0.5,0,28,0
84,7.65,4,1,0,28,0
38,2.56,1,0.5,0,28,0
19,5.61,3,0.5,0,28,0
140,6.16,1,1,0,28,0
64,3.7,2,0.5,0,28,0
168,4.24,1,0.5,0,28,0
94,6.26,2,1,0,28,0
28,2.93,1,0.5,0,28,0
46,2.52,1,0.5,0,28,0
104,5.22,3,0.5,0,28,0
90,3.13,2,0.5,0,28,0
71,5,3,0.5,0,28,0
53,1.84,1,0.25,0,28,0
130,5.67,2,0.5,0,28,0
245,4.82,2,0.5,0,34,0
192,2.16,1,0.25,0,34,0
228,1.68,1,0.25,0,34,0
150,2.01,1,0.25,0,34,0
122,7.19,3,1,1,46,0
87,6.54,3,1,1,46,0
174,5.53,2,0.5,1,46,0
247,8.86,3,1,1,46,0
4,1.92,1,0.25,1,46,2
42,8.07,3,1,1,46,0
159,6.17,2,1,1,46,0
109,9.08,2,1,1,46,1
253,4.84,1,0.5,1,46,2
217,10.32,2,1,1,46,1
162,8.03,2,1,1,46,0
77,15.27,2,1,1,46,1
192,4.97,2,0.5,1,46,2
169,6.29,2,1,1,46,1
168,5.09,2,0.5,1,46,0
32,4.89,1,0.5,1,46,1
127,1.66,1,0.25,1,46,1
199,4.8,2,0.5,1,46,0
107,5.75,1,0.5,1,46,1
82,4.68,2,0.5,1,46,0
14,7.43,3,1,1,46,0
74,2.75,2,0.5,1,46,0
28,3.45,1,0.5,1,46,1
225,5.09,2,0.5,1,46,0
245,5.64,1,0.5,1,46,2
39,8.06,2,1,1,46,0
52,7.62,4,1,1,46,2
44,8.18,2,1,1,46,1
33,3.83,1,0.5,1,46,1
89,7.28,3,1,1,46,2
188,1.08,1,0.25,1,46,2
110,6.42,2,1,1,46,1
179,5.76,2,0.5,1,46,0
8,5.26,1,0.5,1,46,1
67,4.27,1,0.5,1,46,2
102,8.5,2,1,1,46,1
132,1.64,1,0.25,1,46,2
43,7.94,2,1,1,46,0
254,5.14,1,0.5,1,46,1
73,6.13,1,1,1,46,1
5,5.32,1,0.5,1,46,1
54,6.34,2,1,1,46,0
49,8.35,1,1,1,46,1
7,8.47,3,1,1,46,0
172,4.51,2,0.5,1,46,1
53,3.09,1,0.5,1,46,1
249,5.35,1,0.5,1,46,1
78,5.18,1,0.5,1,46,1
227,5.25,1,0.5,1,46,1
149,2.9,1,0.5,1,46,1
194,5.41,2,0.5,1,46,2
167,6.29,2,1,1,46,0
134,4.89,2,0.5,1,46,2
177,7.24,2,1,1,46,1
163,2.08,1,0.25,1,46,2
15,2.29,1,0.25,1,46,2
215,4.64,1,0.5,1,46,1
204,9.21,2,1,1,46,1
203,4.69,1,0.5,1,46,1
123,4.07,1,0.5,1,46,1
232,4.2,1,0.5,1,46,1
59,4.94,1,0.5,1,46,1
117,2.43,1,0.25,1,46,2
218,2.5,1,0.25,1,46,2
180,2.19,1,0.25,1,46,2
209,2.08,2,0.5,1,46,0
97,6.44,2,1,1,46,0
9,5.85,1,0.5,1,46,1
158,4.96,1,0.5,1,46,1
124,4.76,1,0.5,1,46,1
34,6.3,1,1,1,46,1
229,5.77,1,0.5,1,46,1
92,5.94,2,0.5,1,46,0
219,7.59,2,1,1,46,1
99,7.97,3,1,1,46,0
62,1.69,1,0.25,1,46,2
147,6.72,2,1,1,46,1
69,4.33,1,0.5,1,46,1
64,4.74,1,0.5,1,46,1
202,8.06,2,1,1,46,1
47,5.6,2,0.5,1,46,0
212,4.5,1,0.5,1,46,1
139,4.33,1,0.5,1,46,2
222,6.22,1,1,1,46,1
252,1.83,1,0.25,1,46,2
37,3.87,2,0.5,1,46,2
13,3.47,1,0.5,1,46,2
104,6.86,1,1,1,46,1
154,5.02,1,0.5,1,46,1
242,5.19,2,0.5,1,46,2
2,5.94,2,0.5,1,46,0
129,3.89,1,0.5,1,46,1
152,4.46,1,0.5,1,46,1
27,4.15,1,0.5,1,46,1
244,4.15,1,0.5,1,46,1
220,1.53,1,0.25,1,46,2
24,1.6,1,0.25,1,46,2
12,2,1,0.25,1,46,2
214,2.34,1,0.25,1,46,2
189,5.97,1,0.5,1,46,1
94,6.01,2,1,1,46,1
119,5.49,1,0.5,1,46,1
224,4.91,1,0.5,1,46,1
72,4.97,1,0.5,1,46,1
137,1.54,1,0.25,1,46,2
178,4.06,1,0.5,1,46,1
220,0.58,1,0.25,1,43,1
133,2.27,1,0.25,1,43,2
24,1.18,1,0.25,1,43,2
201,3.79,2,0.5,0,39,0
207,1.49,1,0.25,0,39,0
236,1.99,1,0.25,0,39,0
182,2.73,1,0.5,0,39,0
231,2.57,1,0.5,0,39,0
204,1.79,1,0.25,0,39,0
34,5.57,3,0.5,0,18,0
143,2.01,1,0.25,0,18,0
147,2.73,1,0.5,0,18,0
129,8.82,4,1,0,18,0
4,5.33,3,0.5,0,18,0
102,5.3,3,0.5,0,18,0
14,4.3,2,0.5,0,18,0
127,11.92,5,1,0,18,0
65,7.65,4,1,0,18,0
108,2.2,1,0.25,0,29,0
72,2.21,1,0.25,0,29,0
73,2.66,1,0.5,0,29,0
20,3.57,2,0.5,0,29,0
68,1.94,1,0.25,0,29,0
200,2.13,1,0.25,0,29,0
238,1.85,1,0.25,0,29,0
123,2.97,1,0.5,0,29,0
188,1.83,1,0.25,0,29,0
251,2.99,1,0.5,0,29,0
248,2.56,1,0.5,0,29,0
93,2.41,1,0.25,0,29,0
43,1.98,1,0.25,0,29,0
58,2.18,1,0.25,0,29,0
118,1.42,1,0.25,0,29,0
38,1.72,1,0.25,0,29,0
53,1.99,1,0.25,0,29,0
242,5.91,1,0.5,1,72,1
192,4.11,1,0.5,1,72,1
207,10.22,2,1,1,72,1
202,4.61,1,0.5,1,72,1
247,5.64,1,0.5,1,72,1
212,3.61,1,0.5,1,72,1
87,4.95,1,0.5,1,58,1
42,5.56,1,0.5,1,58,1
57,6.85,1,1,1,58,1
147,4.91,1,0.5,1,58,1
187,4.15,1,0.5,1,58,1
47,4.63,1,0.5,1,58,1
182,7.99,2,1,1,58,1
52,5.88,1,0.5,1,58,1
142,5.54,1,0.5,1,58,1
157,8.03,2,1,1,58,1
117,6.55,1,1,1,58,1
127,6.24,1,1,1,58,1
72,5.44,1,0.5,1,58,1
82,5.18,1,0.5,1,58,1
152,5.18,1,0.5,1,58,1
37,8.96,2,1,1,58,1
162,4.01,1,0.5,1,58,1
172,5.19,1,0.5,1,58,1
27,3.09,1,0.5,1,58,1
132,2.38,1,0.25,1,58,1
62,4.48,1,0.5,1,58,1
137,3.69,1,0.5,1,58,1
67,4.11,1,0.5,1,58,1
12,5.34,1,0.5,1,58,1
122,3.69,1,0.5,1,58,1
30,7.04,1,1,1,60,1
5,1.97,1,0.25,0,19,0
10,2.06,1,0.25,0,19,0
243,9.57,2,1,1,76,1
213,7.95,2,1,1,76,1
106,2.48,1,0.25,1,76,1
171,5.37,3,0.5,1,76,0
80,7.92,2,1,1,76,1
250,8.89,2,1,1,76,1
116,2.98,1,0.5,1,76,1
120,6.88,2,1,1,76,1
128,8.24,2,1,1,76,1
218,9.8,2,1,1,76,1
211,7.45,2,1,1,76,1
233,7.27,2,1,1,76,1
60,8.99,2,1,1,76,1
253,6.38,2,1,1,76,1
132,3.68,1,0.5,1,76,1
186,6.99,2,1,1,76,1
165,7.82,3,1,1,76,0
33,5.31,3,0.5,1,76,2
112,4.03,2,0.5,1,76,2
46,5.68,2,0.5,1,76,0
58,6.14,2,1,1,76,1
216,9.03,2,1,1,76,1
32,4.95,2,0.5,1,76,0
68,7.82,2,1,1,76,1
140,9.34,2,1,1,76,1
215,5.38,2,0.5,1,76,0
8,9.74,3,1,1,76,0
12,5.52,2,0.5,1,76,0
66,3.89,2,0.5,1,76,0
167,3.83,2,0.5,1,76,1
187,5.53,2,0.5,1,76,0
55,6.05,1,1,1,76,1
160,9.34,2,1,1,76,1
93,4.06,2,0.5,1,76,0
48,4.95,1,0.5,1,76,1
38,7.24,2,1,1,76,0
258,12.24,2,1,1,76,1
40,7.78,2,1,1,76,1
201,6.25,2,1,1,76,0
6,4.1,2,0.5,1,76,2
183,6.12,2,1,1,76,0
242,1.03,1,0.25,1,76,2
162,3.11,1,0.5,1,76,1
197,5.61,3,0.5,1,76,0
136,2.63,2,0.5,1,76,0
108,5,2,0.5,1,76,2
210,5.41,1,0.5,1,76,1
236,7.96,2,1,1,76,1
200,3.69,1,0.5,1,76,1
255,6.45,2,1,1,76,0
143,4.31,1,0.5,1,76,1
85,1.88,1,0.25,1,76,2
188,8.08,2,1,1,76,1
166,4.37,1,0.5,1,76,1
246,6.93,2,1,1,76,1
15,5.87,1,0.5,1,76,1
223,3.12,1,0.5,1,76,1
83,6.49,2,1,1,76,0
158,4.14,1,0.5,1,76,1
142,5.2,2,0.5,1,76,0
87,5.55,2,0.5,1,76,0
175,4.31,1,0.5,1,76,1
118,3.74,1,0.5,1,76,1
95,4.88,1,0.5,1,76,1
1,7.48,2,1,1,76,1
228,9,2,1,1,76,1
220,8.36,2,1,1,76,1
57,3.63,1,0.5,1,76,1
260,14.92,2,1,1,76,0
133,5.98,1,0.5,1,76,1
230,8.81,3,1,1,76,0
88,2.88,1,0.5,1,76,1
20,2.07,1,0.25,1,76,1
50,7.33,3,1,1,76,0
146,2.28,1,0.25,1,76,1
86,2.75,2,0.5,1,76,0
185,5.76,4,0.5,1,76,2
168,4.67,1,0.5,1,76,1
212,4.75,1,0.5,1,76,1
65,6.7,2,1,1,76,1
181,5.82,3,0.5,1,76,2
70,4.95,1,0.5,1,76,1
107,5.18,2,0.5,1,76,0
180,5.88,2,0.5,1,76,0
231,9.44,2,1,1,76,1
51,2.08,1,0.25,1,76,2
90,4.06,2,0.5,1,76,0
176,5.68,3,0.5,1,76,0
2,2.57,2,0.5,1,76,2
5,3.36,2,0.5,1,76,0
67,9.86,3,1,1,76,0
131,2.66,1,0.5,1,76,2
110,4.82,1,0.5,1,76,1
150,8.37,2,1,1,76,1
235,9.68,2,1,1,76,1
98,9,3,1,1,76,0
27,7.37,2,1,1,76,1
205,5.87,1,0.5,1,76,1
138,1.51,1,0.25,1,76,2
156,6.17,1,1,1,76,1
41,2.46,1,0.25,1,76,1
221,7.77,2,1,1,76,1
241,9.3,2,1,1,76,1
100,9.06,2,1,1,76,1
152,3.53,1,0.5,1,76,1
190,4.21,1,0.5,1,76,1
122,4.49,1,0.5,1,76,1
170,7.61,2,1,1,76,1
252,1.55,1,0.25,1,76,2
238,4.37,1,0.5,1,76,1
63,11.75,2,1,1,76,1
62,3.38,1,0.5,1,76,1
141,6.79,2,1,1,76,1
153,7.28,2,1,1,76,1
163,6.04,2,1,1,76,0
111,5.23,2,0.5,1,76,0
130,8.66,2,1,1,76,1
125,3.79,1,0.5,1,76,1
31,2.88,1,0.5,1,76,2
10,12.33,2,1,1,76,1
121,1.19,1,0.25,1,76,2
151,6.81,2,1,1,76,0
256,4.38,1,0.5,1,76,1
19,2.44,1,0.25,1,76,1
78,4.48,2,0.5,1,76,0
135,1.74,1,0.25,1,76,1
198,5.69,1,0.5,1,76,1
28,2.33,1,0.25,1,76,1
173,6.95,2,1,1,76,0
91,6.97,3,1,1,76,0
17,2.1,1,0.25,1,76,2
123,9.55,2,1,1,76,1
13,6.57,2,1,1,76,0
240,3.45,1,0.5,1,76,1
71,4.88,1,0.5,1,76,1
232,3.93,1,0.5,1,76,1
157,2.87,1,0.5,1,76,1
7,4.75,1,0.5,1,76,1
178,5.03,2,0.5,1,76,0
3,5.43,2,0.5,1,76,0
145,7.71,2,1,1,76,1
11,2.24,1,0.25,1,76,2
203,2.58,1,0.5,1,76,2
202,3.63,1,0.5,1,76,1
147,2.28,1,0.25,1,76,2
35,5.58,1,0.5,1,76,1
96,2.51,2,0.5,1,76,2
77,3.29,1,0.5,1,76,1
26,5.65,1,0.5,1,76,1
251,9.9,2,1,1,76,1
248,5.25,1,0.5,1,76,1
16,2.12,1,0.25,1,76,2
97,4.87,1,0.5,1,76,1
